valid	abbeys
valid	abcs
valid	actors
valid	adams
valid	administrations
valid	agents
valid	aircrafts
valid	airlines
valid	airports
valid	albums
valid	alexanders
valid	americas
valid	andrews
valid	angels
valid	animals
valid	apples
valid	applicants
valid	architects
valid	areas
valid	arenas
valid	arms
valid	artists
valid	arts
valid	associates
valid	associations
valid	athletes
valid	attackers
valid	attorneys
valid	audiences
valid	aunts
valid	austins
valid	authors
valid	bachelors
valid	baileys
valid	bakers
valid	bands
valid	banks
valid	baseballs
valid	bases
valid	battalions
valid	bays
valid	bears
valid	becks
valid	bells
valid	bens
valid	berlins
valid	bernards
valid	bills
valid	birds
valid	bishops
valid	blacks
valid	blacksmiths
valid	bmws
valid	boards
valid	boats
valid	bobs
valid	bonds
valid	books
valid	boroughs
valid	bouts
valid	boys
valid	bradleys
valid	brains
valid	brands
valid	breeds
valid	brides
valid	bridges
valid	brigades
valid	brothers
valid	browns
valid	buddhas
valid	builders
valid	buildings
valid	bulls
valid	burtons
valid	butchers
valid	butlers
valid	buyers
valid	caesars
valid	cameras
valid	campaigns
valid	camps
valid	canals
valid	candidates
valid	cant
valid	cantons
valid	capitals
valid	captains
valid	cards
valid	carolinas
valid	carpenters
valid	carriers
valid	cars
valid	carters
valid	castles
valid	cathedrals
valid	cats
valid	cds
valid	cells
valid	centers
valid	cfls
valid	chains
valid	chamberlains
valid	channels
valid	characters
valid	chiefs
valid	chinas
valid	christies
valid	churchills
valid	citizens
valid	clans
valid	clients
valid	clubs
valid	coalitions
valid	cockatiels
valid	coles
valid	collectors
valid	colleges
valid	comics
valid	commanders
valid	commissions
valid	committees
valid	communes
valid	competitions
valid	composers
valid	computers
valid	conferences
valid	congregations
valid	consoles
valid	consumers
valid	contestants
valid	continents
valid	cooks
valid	coopers
valid	coroners
valid	corporations
valid	councils
valid	couples
valid	courts
valid	cousins
valid	cows
valid	creatures
valid	credits
valid	creeks
valid	crews
valid	cultures
valid	customers
valid	cws
valid	dads
valid	dams
valid	daniels
valid	dantes
valid	darcy
valid	dart
valid	daughters
valid	davids
valid	days
valid	dealers
valid	deans
valid	debtors
valid	decades
valid	defendants
valid	departments
valid	designers
valid	destroyers
valid	developers
valid	devices
valid	devils
valid	dicks
valid	directors
valid	disneys
valid	districts
valid	divers
valid	divisions
valid	djs
valid	doctors
valid	dogs
valid	dragons
valid	drakes
valid	drivers
valid	drugs
valid	ds
valid	dukes
valid	duos
valid	dvds
valid	eagles
valid	earls
valid	earths
valid	eddies
valid	editors
valid	edwards
valid	einsteins
valid	emperors
valid	empires
valid	employees
valid	employers
valid	engineers
valid	engines
valid	episodes
valid	eras
valid	estates
valid	evenings
valid	events
valid	expeditions
valid	eyes
valid	fans
valid	farmers
valid	farms
valid	fathers
valid	fcs
valid	females
valid	festivals
valid	fields
valid	films
valid	firms
valid	fishers
valid	flags
valid	fleets
valid	flemings
valid	fletchers
valid	footballs
valid	forces
valid	fords
valid	foreigners
valid	forts
valid	fosters
valid	foundations
valid	founders
valid	frances
valid	franchises
valid	franklins
valid	franks
valid	fredericks
valid	fridays
valid	friends
valid	funds
valid	games
valid	gangs
valid	generals
valid	generations
valid	genres
valid	georges
valid	gibsons
valid	gilberts
valid	girlfriends
valid	girls
valid	gms
valid	goats
valid	gods
valid	googles
valid	governments
valid	governors
valid	grahams
valid	grandfathers
valid	grandmothers
valid	grants
valid	grays
valid	greens
valid	grooms
valid	grounds
valid	groups
valid	guards
valid	guns
valid	guys
valid	halls
valid	hamiltons
valid	harms
valid	harpers
valid	harts
valid	harveys
valid	hbos
valid	hearts
valid	helens
valid	hell
valid	hells
valid	henrys
valid	highways
valid	hills
valid	hitlers
valid	hogans
valid	holders
valid	hollands
valid	homers
valid	homes
valid	hondas
valid	hoods
valid	horses
valid	hospitals
valid	hosts
valid	hotels
valid	hours
valid	houses
valid	howards
valid	howes
valid	hows
valid	hunters
valid	hunts
valid	husbands
valid	id
valid	ill
valid	ima
valid	individuals
valid	infants
valid	institutes
valid	institutions
valid	instruments
valid	iras
valid	islands
valid	israels
valid	its
valid	jacks
valid	jacksons
valid	jacobs
valid	japans
valid	jeffersons
valid	jerseys
valid	joes
valid	johns
valid	johnsons
valid	josephs
valid	journals
valid	judges
valid	jupiters
valid	keepers
valid	kellys
valid	kennedys
valid	khans
valid	killers
valid	kingdoms
valid	kings
valid	knights
valid	koreas
valid	labels
valid	lakes
valid	lamour
valid	lands
valid	lanes
valid	languages
valid	laws
valid	lawyers
valid	leaders
valid	leagues
valid	lees
valid	legislatures
valid	lets
valid	lincolns
valid	lines
valid	lions
valid	listeners
valid	lists
valid	locomotives
valid	longs
valid	lords
valid	lovers
valid	loves
valid	lowes
valid	lps
valid	machines
valid	madonnas
valid	magazines
valid	makers
valid	males
valid	malls
valid	managements
valid	managers
valid	manhattans
valid	mans
valid	manufacturers
valid	markets
valid	marks
valid	marshalls
valid	martins
valid	marvels
valid	marys
valid	masons
valid	masters
valid	materials
valid	matthews
valid	maxwells
valid	mayors
valid	mays
valid	mccoys
valid	mcdonalds
valid	mclarens
valid	mcmahons
valid	mcs
valid	medias
valid	members
valid	merchants
valid	meyers
valid	michaels
valid	mickeys
valid	mikes
valid	millers
valid	minds
valid	miners
valid	ministers
valid	missiles
valid	missions
valid	models
valid	moments
valid	monarchs
valid	mondays
valid	monsters
valid	months
valid	moons
valid	morgans
valid	mothers
valid	mountains
valid	movements
valid	movies
valid	mps
valid	ms
valid	murphys
valid	murrays
valid	museums
valid	musicians
valid	mussolinis
valid	names
valid	napoleons
valid	narrators
valid	nasas
valid	nations
valid	natos
valid	natures
valid	neighborhoods
valid	neighbors
valid	nelsons
valid	nephews
valid	networks
valid	newspapers
valid	newtons
valid	ngos
valid	nicks
valid	nights
valid	nonsmokers
valid	norths
valid	novels
valid	nows
valid	nurses
valid	obamas
valid	objects
valid	observers
valid	oceans
valid	odell
valid	officers
valid	offices
valid	olivers
valid	ones
valid	operas
valid	operators
valid	opponents
valid	oppositions
valid	orchestras
valid	orders
valid	organisms
valid	organizations
valid	others
valid	ottawas
valid	owens
valid	owners
valid	painters
valid	pairs
valid	palaces
valid	palmers
valid	panels
valid	papers
valid	parents
valid	parkers
valid	parks
valid	parliaments
valid	particles
valid	partners
valid	patients
valid	pcs
valid	peoples
valid	performers
valid	persons
valid	peters
valid	philips
valid	physicians
valid	pigs
valid	pilots
valid	pitchers
valid	plaintiffs
valid	planes
valid	planets
valid	plans
valid	plants
valid	players
valid	plays
valid	poems
valid	poets
valid	popes
valid	populations
valid	porters
valid	ports
valid	potters
valid	predecessors
valid	presidents
valid	prices
valid	priests
valid	princes
valid	principals
valid	printers
valid	prisoners
valid	prisons
valid	producers
valid	productions
valid	products
valid	professors
valid	programs
valid	projects
valid	promotions
valid	prosecutions
valid	prosecutors
valid	protagonists
valid	provinces
valid	ps
valid	publications
valid	publics
valid	publishers
valid	qaida
valid	queens
valid	quran
valid	races
valid	radios
valid	railroads
valid	railways
valid	rays
valid	readers
valid	reagans
valid	receivers
valid	recipients
valid	records
valid	reeds
valid	referees
valid	regiments
valid	regimes
valid	regions
valid	religions
valid	reports
valid	republics
valid	resorts
valid	restaurants
valid	rices
valid	richards
valid	ricks
valid	riders
valid	rides
valid	ridings
valid	rivers
valid	roads
valid	roberts
valid	robins
valid	robots
valid	rocks
valid	rogers
valid	rooms
valid	roses
valid	routes
valid	rs
valid	rulers
valid	sailors
valid	saints
valid	satellites
valid	schools
valid	scotts
valid	sears
valid	seasons
valid	senators
valid	serials
valid	services
valid	settlements
valid	sharks
valid	shaws
valid	shed
valid	shell
valid	shepherds
valid	sheriffs
valid	shia
valid	shiite
valid	ships
valid	shows
valid	shuttles
valid	sides
valid	simons
valid	simpsons
valid	singers
valid	sisters
valid	sites
valid	smiths
valid	snakes
valid	soldiers
valid	solomons
valid	songs
valid	sons
valid	souls
valid	sovereigns
valid	spacecrafts
valid	speakers
valid	spencers
valid	sponsors
valid	sports
valid	squadrons
valid	squads
valid	stadiums
valid	staffs
valid	stalins
valid	stars
valid	states
valid	stations
valid	statues
valid	stephens
valid	stewarts
valid	stones
valid	stores
valid	storms
valid	strips
valid	structures
valid	stuarts
valid	students
valid	studios
valid	subjects
valid	submarines
valid	suburbs
valid	sultans
valid	summers
valid	suns
valid	surgeons
valid	susans
valid	suspects
valid	systems
valid	tanks
valid	targets
valid	taxpayers
valid	taylors
valid	teachers
valid	teams
valid	televisions
valid	temples
valid	terms
valid	terrys
valid	theaters
valid	thompsons
valid	thomsons
valid	titles
valid	tomorrows
valid	toms
valid	tournaments
valid	tours
valid	towers
valid	towns
valid	townships
valid	tracks
valid	trains
valid	trees
valid	tribes
valid	trios
valid	trustees
valid	ts
valid	tuesdays
valid	turkeys
valid	turners
valid	tvs
valid	twos
valid	uncles
valid	unions
valid	units
valid	universes
valid	usas
valid	users
valid	uss
valid	valentines
valid	valleys
valid	vehicles
valid	venues
valid	versions
valid	vessels
valid	veterans
valid	victims
valid	victors
valid	videos
valid	viewers
valid	villages
valid	vincents
valid	visitors
valid	wagners
valid	walkers
valid	wards
valid	warners
valid	warrens
valid	wars
valid	waters
valid	weapons
valid	wearers
valid	webers
valid	websites
valid	websters
valid	wed
valid	wednesdays
valid	weeks
valid	well
valid	wellingtons
valid	were
valid	wests
valid	whats
valid	whens
valid	whites
valid	widows
valid	williams
valid	wings
valid	winners
valid	winters
valid	wolfs
valid	wont
valid	woods
valid	words
valid	workers
valid	works
valid	worlds
valid	wrestlers
valid	wrights
valid	writers
valid	years
valid	yorks
valid	zoos
contraction	ain't
contraction	aren't
contraction	can't
contraction	couldn't
contraction	didn't
contraction	doesn't
contraction	don't
contraction	everyone's
contraction	hadn't
contraction	hasn't
contraction	haven't
contraction	he'd
contraction	he'll
contraction	he's
contraction	here's
contraction	how's
contraction	i'd
contraction	i'll
contraction	i'm
contraction	i've
contraction	isn't
contraction	it'll
contraction	it's
contraction	jury's
contraction	one's
contraction	posada's
contraction	she'll
contraction	she's
contraction	shouldn't
contraction	that'll
contraction	that's
contraction	there's
contraction	they'd
contraction	they'll
contraction	they're
contraction	they've
contraction	this's
contraction	wasn't
contraction	we'd
contraction	we'll
contraction	we're
contraction	we've
contraction	weren't
contraction	what's
contraction	who'd
contraction	who's
contraction	won't
contraction	wouldn't
contraction	you'd
contraction	you'll
contraction	you're
contraction	you've
