japanese	japanese-conversation-asdc	full	docs/language-contract-benchmark/conversations/inputs.tsv:16902	deha
japanese	japanese-conversation-asdc	full	docs/language-contract-benchmark/conversations/inputs.tsv:19439	omeshiagari
japanese	japanese-conversation-asdc	full	docs/language-contract-benchmark/conversations/inputs.tsv:27746	gatsujoujunni
japanese	japanese-conversation-asdc	full	docs/language-contract-benchmark/conversations/inputs.tsv:17477	achikochi
japanese	japanese-conversation-asdc	full	docs/language-contract-benchmark/conversations/inputs.tsv:28846	nanka
japanese	japanese-conversation-asdc	full	docs/language-contract-benchmark/conversations/inputs.tsv:27245	suuha
japanese	japanese-conversation-asdc	full	docs/language-contract-benchmark/conversations/inputs.tsv:23465	ta
japanese	japanese-conversation-asdc	full	docs/language-contract-benchmark/conversations/inputs.tsv:18467	desune
japanese	japanese-conversation-asdc	full	docs/language-contract-benchmark/conversations/inputs.tsv:16918	soredeha
japanese	japanese-conversation-asdc	full	docs/language-contract-benchmark/conversations/inputs.tsv:17198	deno
japanese	japanese-conversation-asdc	full	docs/language-contract-benchmark/conversations/inputs.tsv:25842	okyakusamanogokibouwookikaseitadakemasudeshouka
japanese	japanese-conversation-asdc	full	docs/language-contract-benchmark/conversations/inputs.tsv:17909	no
japanese	japanese-conversation-asdc	full	docs/language-contract-benchmark/conversations/inputs.tsv:24575	soredeha
japanese	japanese-conversation-asdc	full	docs/language-contract-benchmark/conversations/inputs.tsv:23769	yoroshikuonegaishimasu
japanese	japanese-conversation-asdc	full	docs/language-contract-benchmark/conversations/inputs.tsv:17038	yauta
japanese	japanese-conversation-asdc	full	docs/language-contract-benchmark/conversations/inputs.tsv:19064	kashikomari
japanese	japanese-conversation-asdc	half	docs/language-contract-benchmark/conversations/inputs.tsv:17031	shi
japanese	japanese-conversation-asdc	half	docs/language-contract-benchmark/conversations/inputs.tsv:27898	konotabi
japanese	japanese-conversation-asdc	half	docs/language-contract-benchmark/conversations/inputs.tsv:28855	kashikoma
japanese	japanese-conversation-asdc	half	docs/language-contract-benchmark/conversations/inputs.tsv:28711	subeteshinguru
japanese	japanese-conversation-asdc	half	docs/language-contract-benchmark/conversations/inputs.tsv:29309	haf
japanese	japanese-conversation-asdc	half	docs/language-contract-benchmark/conversations/inputs.tsv:24687	yos
japanese	japanese-conversation-asdc	half	docs/language-contract-benchmark/conversations/inputs.tsv:20788	sag
japanese	japanese-conversation-asdc	half	docs/language-contract-benchmark/conversations/inputs.tsv:21817	kashikom
japanese	japanese-conversation-asdc	half	docs/language-contract-benchmark/conversations/inputs.tsv:15371	ma
japanese	japanese-conversation-asdc	half	docs/language-contract-benchmark/conversations/inputs.tsv:27890	jouj
japanese	japanese-conversation-asdc	half	docs/language-contract-benchmark/conversations/inputs.tsv:25930	asa
japanese	japanese-conversation-asdc	half	docs/language-contract-benchmark/conversations/inputs.tsv:23578	gok
japanese	japanese-conversation-asdc	half	docs/language-contract-benchmark/conversations/inputs.tsv:20636	m
japanese	japanese-conversation-asdc	half	docs/language-contract-benchmark/conversations/inputs.tsv:22606	moira
japanese	japanese-conversation-asdc	half	docs/language-contract-benchmark/conversations/inputs.tsv:20860	desh
japanese	japanese-conversation-asdc	half	docs/language-contract-benchmark/conversations/inputs.tsv:30226	de
japanese	japanese-conversation-asdc	initials	docs/language-contract-benchmark/conversations/inputs.tsv:18693	o
japanese	japanese-conversation-asdc	initials	docs/language-contract-benchmark/conversations/inputs.tsv:24426	y
japanese	japanese-conversation-asdc	initials	docs/language-contract-benchmark/conversations/inputs.tsv:23006	k
japanese	japanese-conversation-asdc	initials	docs/language-contract-benchmark/conversations/inputs.tsv:28059	ohhwddm
japanese	japanese-conversation-asdc	initials	docs/language-contract-benchmark/conversations/inputs.tsv:29407	e
japanese	japanese-conversation-asdc	initials	docs/language-contract-benchmark/conversations/inputs.tsv:26986	r
japanese	japanese-conversation-asdc	initials	docs/language-contract-benchmark/conversations/inputs.tsv:28490	h
japanese	japanese-conversation-asdc	initials	docs/language-contract-benchmark/conversations/inputs.tsv:22489	sh
japanese	japanese-conversation-asdc	initials	docs/language-contract-benchmark/conversations/inputs.tsv:22593	o
japanese	japanese-conversation-asdc	initials	docs/language-contract-benchmark/conversations/inputs.tsv:21524	med
japanese	japanese-conversation-asdc	initials	docs/language-contract-benchmark/conversations/inputs.tsv:25948	k
japanese	japanese-conversation-asdc	initials	docs/language-contract-benchmark/conversations/inputs.tsv:29096	u
japanese	japanese-conversation-asdc	initials	docs/language-contract-benchmark/conversations/inputs.tsv:18708	k
japanese	japanese-conversation-asdc	initials	docs/language-contract-benchmark/conversations/inputs.tsv:19577	mg
japanese	japanese-conversation-asdc	initials	docs/language-contract-benchmark/conversations/inputs.tsv:27501	h
japanese	japanese-conversation-asdc	initials	docs/language-contract-benchmark/conversations/inputs.tsv:23948	o
japanese	japanese-conversation-asdc	mixed	docs/language-contract-benchmark/conversations/inputs.tsv:27885	nyado
japanese	japanese-conversation-asdc	mixed	docs/language-contract-benchmark/conversations/inputs.tsv:20208	u
japanese	japanese-conversation-asdc	mixed	docs/language-contract-benchmark/conversations/inputs.tsv:16101	snor
japanese	japanese-conversation-asdc	mixed	docs/language-contract-benchmark/conversations/inputs.tsv:28698	kmashit
japanese	japanese-conversation-asdc	mixed	docs/language-contract-benchmark/conversations/inputs.tsv:28220	tnontoushouguunchikakudshukuhakudyadodne
japanese	japanese-conversation-asdc	mixed	docs/language-contract-benchmark/conversations/inputs.tsv:21439	d
japanese	japanese-conversation-asdc	mixed	docs/language-contract-benchmark/conversations/inputs.tsv:19268	dtokoro
japanese	japanese-conversation-asdc	mixed	docs/language-contract-benchmark/conversations/inputs.tsv:18773	a
japanese	japanese-conversation-asdc	mixed	docs/language-contract-benchmark/conversations/inputs.tsv:21620	t
japanese	japanese-conversation-asdc	mixed	docs/language-contract-benchmark/conversations/inputs.tsv:17641	t
japanese	japanese-conversation-asdc	mixed	docs/language-contract-benchmark/conversations/inputs.tsv:27147	y
japanese	japanese-conversation-asdc	mixed	docs/language-contract-benchmark/conversations/inputs.tsv:20280	s
japanese	japanese-conversation-asdc	mixed	docs/language-contract-benchmark/conversations/inputs.tsv:25200	htsuin
japanese	japanese-conversation-asdc	mixed	docs/language-contract-benchmark/conversations/inputs.tsv:25941	d
japanese	japanese-conversation-asdc	mixed	docs/language-contract-benchmark/conversations/inputs.tsv:15797	hkara
japanese	japanese-conversation-asdc	mixed	docs/language-contract-benchmark/conversations/inputs.tsv:22330	onooyadosagashinotwoimasu
japanese	japanese-conversation-asdc	neighbor	docs/language-contract-benchmark/conversations/inputs.tsv:27205	nsdo
japanese	japanese-conversation-asdc	neighbor	docs/language-contract-benchmark/conversations/inputs.tsv:26671	ksra
japanese	japanese-conversation-asdc	neighbor	docs/language-contract-benchmark/conversations/inputs.tsv:23408	mogozsi
japanese	japanese-conversation-asdc	neighbor	docs/language-contract-benchmark/conversations/inputs.tsv:19406	ha
japanese	japanese-conversation-asdc	neighbor	docs/language-contract-benchmark/conversations/inputs.tsv:18712	kodono
japanese	japanese-conversation-asdc	neighbor	docs/language-contract-benchmark/conversations/inputs.tsv:16454	msse
japanese	japanese-conversation-asdc	neighbor	docs/language-contract-benchmark/conversations/inputs.tsv:16494	hrya
japanese	japanese-conversation-asdc	neighbor	docs/language-contract-benchmark/conversations/inputs.tsv:16526	dedu
japanese	japanese-conversation-asdc	neighbor	docs/language-contract-benchmark/conversations/inputs.tsv:20858	hakudedu
japanese	japanese-conversation-asdc	neighbor	docs/language-contract-benchmark/conversations/inputs.tsv:28805	mo
japanese	japanese-conversation-asdc	neighbor	docs/language-contract-benchmark/conversations/inputs.tsv:24358	kashilomari
japanese	japanese-conversation-asdc	neighbor	docs/language-contract-benchmark/conversations/inputs.tsv:20307	ha
japanese	japanese-conversation-asdc	neighbor	docs/language-contract-benchmark/conversations/inputs.tsv:25746	p
japanese	japanese-conversation-asdc	neighbor	docs/language-contract-benchmark/conversations/inputs.tsv:22843	p
japanese	japanese-conversation-asdc	neighbor	docs/language-contract-benchmark/conversations/inputs.tsv:19279	goshukuhakibi
japanese	japanese-conversation-asdc	neighbor	docs/language-contract-benchmark/conversations/inputs.tsv:17077	spudesu
japanese	japanese-conversation-asdc	omission	docs/language-contract-benchmark/conversations/inputs.tsv:23073	shukuhakunisuu
japanese	japanese-conversation-asdc	omission	docs/language-contract-benchmark/conversations/inputs.tsv:21017	entsuki
japanese	japanese-conversation-asdc	omission	docs/language-contract-benchmark/conversations/inputs.tsv:29258	ado
japanese	japanese-conversation-asdc	omission	docs/language-contract-benchmark/conversations/inputs.tsv:23551	kbou
japanese	japanese-conversation-asdc	omission	docs/language-contract-benchmark/conversations/inputs.tsv:21989	eddowo
japanese	japanese-conversation-asdc	omission	docs/language-contract-benchmark/conversations/inputs.tsv:20370	a
japanese	japanese-conversation-asdc	omission	docs/language-contract-benchmark/conversations/inputs.tsv:19748	asune
japanese	japanese-conversation-asdc	omission	docs/language-contract-benchmark/conversations/inputs.tsv:28246	hitoratari
japanese	japanese-conversation-asdc	omission	docs/language-contract-benchmark/conversations/inputs.tsv:19892	mahi
japanese	japanese-conversation-asdc	omission	docs/language-contract-benchmark/conversations/inputs.tsv:15783	hiara
japanese	japanese-conversation-asdc	omission	docs/language-contract-benchmark/conversations/inputs.tsv:29712	otna
japanese	japanese-conversation-asdc	omission	docs/language-contract-benchmark/conversations/inputs.tsv:22667	kanagawanuminomierubashodesuto
japanese	japanese-conversation-asdc	omission	docs/language-contract-benchmark/conversations/inputs.tsv:21161	o
japanese	japanese-conversation-asdc	omission	docs/language-contract-benchmark/conversations/inputs.tsv:30191	e
japanese	japanese-conversation-asdc	omission	docs/language-contract-benchmark/conversations/inputs.tsv:25003	ti
japanese	japanese-conversation-asdc	omission	docs/language-contract-benchmark/conversations/inputs.tsv:23407	mogozi
japanese	japanese-conversation-asdc	three-quarter	docs/language-contract-benchmark/conversations/inputs.tsv:23979	goriy
japanese	japanese-conversation-asdc	three-quarter	docs/language-contract-benchmark/conversations/inputs.tsv:19266	dekirutok
japanese	japanese-conversation-asdc	three-quarter	docs/language-contract-benchmark/conversations/inputs.tsv:26738	okosa
japanese	japanese-conversation-asdc	three-quarter	docs/language-contract-benchmark/conversations/inputs.tsv:24688	yosan
japanese	japanese-conversation-asdc	three-quarter	docs/language-contract-benchmark/conversations/inputs.tsv:19425	desu
japanese	japanese-conversation-asdc	three-quarter	docs/language-contract-benchmark/conversations/inputs.tsv:21021	deshou
japanese	japanese-conversation-asdc	three-quarter	docs/language-contract-benchmark/conversations/inputs.tsv:19098	taious
japanese	japanese-conversation-asdc	three-quarter	docs/language-contract-benchmark/conversations/inputs.tsv:24401	hitodemiyazakiniryoko
japanese	japanese-conversation-asdc	three-quarter	docs/language-contract-benchmark/conversations/inputs.tsv:17775	kodo
japanese	japanese-conversation-asdc	three-quarter	docs/language-contract-benchmark/conversations/inputs.tsv:22751	hey
japanese	japanese-conversation-asdc	three-quarter	docs/language-contract-benchmark/conversations/inputs.tsv:26546	t
japanese	japanese-conversation-asdc	three-quarter	docs/language-contract-benchmark/conversations/inputs.tsv:19242	pur
japanese	japanese-conversation-asdc	three-quarter	docs/language-contract-benchmark/conversations/inputs.tsv:17343	gozaim
japanese	japanese-conversation-asdc	three-quarter	docs/language-contract-benchmark/conversations/inputs.tsv:28880	hokanigokibouhagozaimasu
japanese	japanese-conversation-asdc	three-quarter	docs/language-contract-benchmark/conversations/inputs.tsv:17687	ikagana
japanese	japanese-conversation-asdc	three-quarter	docs/language-contract-benchmark/conversations/inputs.tsv:30211	d
japanese	japanese-conversation-asdc	transpose	docs/language-contract-benchmark/conversations/inputs.tsv:17778	koodmo
japanese	japanese-conversation-asdc	transpose	docs/language-contract-benchmark/conversations/inputs.tsv:30166	mna
japanese	japanese-conversation-asdc	transpose	docs/language-contract-benchmark/conversations/inputs.tsv:29106	sagasih
japanese	japanese-conversation-asdc	transpose	docs/language-contract-benchmark/conversations/inputs.tsv:22865	ed
japanese	japanese-conversation-asdc	transpose	docs/language-contract-benchmark/conversations/inputs.tsv:21733	sekkauk
japanese	japanese-conversation-asdc	transpose	docs/language-contract-benchmark/conversations/inputs.tsv:29051	iakga
japanese	japanese-conversation-asdc	transpose	docs/language-contract-benchmark/conversations/inputs.tsv:18145	hkaude
japanese	japanese-conversation-asdc	transpose	docs/language-contract-benchmark/conversations/inputs.tsv:19803	ow
japanese	japanese-conversation-asdc	transpose	docs/language-contract-benchmark/conversations/inputs.tsv:16166	ot
japanese	japanese-conversation-asdc	transpose	docs/language-contract-benchmark/conversations/inputs.tsv:22920	oschira
japanese	japanese-conversation-asdc	transpose	docs/language-contract-benchmark/conversations/inputs.tsv:25401	yaeki
japanese	japanese-conversation-asdc	transpose	docs/language-contract-benchmark/conversations/inputs.tsv:17306	wsahoku
japanese	japanese-conversation-asdc	transpose	docs/language-contract-benchmark/conversations/inputs.tsv:24316	ed
japanese	japanese-conversation-asdc	transpose	docs/language-contract-benchmark/conversations/inputs.tsv:29767	keishkii
japanese	japanese-conversation-asdc	transpose	docs/language-contract-benchmark/conversations/inputs.tsv:22379	kankuo
japanese	japanese-conversation-asdc	transpose	docs/language-contract-benchmark/conversations/inputs.tsv:15558	goazi
japanese	japanese-conversation-real-persona-chat	full	docs/language-contract-benchmark/conversations/inputs.tsv:392	ii
japanese	japanese-conversation-real-persona-chat	full	docs/language-contract-benchmark/conversations/inputs.tsv:12571	mashite
japanese	japanese-conversation-real-persona-chat	full	docs/language-contract-benchmark/conversations/inputs.tsv:3411	no
japanese	japanese-conversation-real-persona-chat	full	docs/language-contract-benchmark/conversations/inputs.tsv:3587	seido
japanese	japanese-conversation-real-persona-chat	full	docs/language-contract-benchmark/conversations/inputs.tsv:1836	yaki
japanese	japanese-conversation-real-persona-chat	full	docs/language-contract-benchmark/conversations/inputs.tsv:13895	tari
japanese	japanese-conversation-real-persona-chat	full	docs/language-contract-benchmark/conversations/inputs.tsv:8279	saikin
japanese	japanese-conversation-real-persona-chat	full	docs/language-contract-benchmark/conversations/inputs.tsv:7615	toiwa
japanese	japanese-conversation-real-persona-chat	full	docs/language-contract-benchmark/conversations/inputs.tsv:1748	sanhanannodoubutsugasukidesuka
japanese	japanese-conversation-real-persona-chat	full	docs/language-contract-benchmark/conversations/inputs.tsv:10471	ka
japanese	japanese-conversation-real-persona-chat	full	docs/language-contract-benchmark/conversations/inputs.tsv:336	masu
japanese	japanese-conversation-real-persona-chat	full	docs/language-contract-benchmark/conversations/inputs.tsv:2876	ta
japanese	japanese-conversation-real-persona-chat	full	docs/language-contract-benchmark/conversations/inputs.tsv:10279	ooi
japanese	japanese-conversation-real-persona-chat	full	docs/language-contract-benchmark/conversations/inputs.tsv:12563	soudesu
japanese	japanese-conversation-real-persona-chat	full	docs/language-contract-benchmark/conversations/inputs.tsv:1110	watakushi
japanese	japanese-conversation-real-persona-chat	full	docs/language-contract-benchmark/conversations/inputs.tsv:6219	soudesu
japanese	japanese-conversation-real-persona-chat	half	docs/language-contract-benchmark/conversations/inputs.tsv:8832	i
japanese	japanese-conversation-real-persona-chat	half	docs/language-contract-benchmark/conversations/inputs.tsv:7640	masaniso
japanese	japanese-conversation-real-persona-chat	half	docs/language-contract-benchmark/conversations/inputs.tsv:7776	shikata
japanese	japanese-conversation-real-persona-chat	half	docs/language-contract-benchmark/conversations/inputs.tsv:225	ko
japanese	japanese-conversation-real-persona-chat	half	docs/language-contract-benchmark/conversations/inputs.tsv:13210	tar
japanese	japanese-conversation-real-persona-chat	half	docs/language-contract-benchmark/conversations/inputs.tsv:8496	ma
japanese	japanese-conversation-real-persona-chat	half	docs/language-contract-benchmark/conversations/inputs.tsv:14750	na
japanese	japanese-conversation-real-persona-chat	half	docs/language-contract-benchmark/conversations/inputs.tsv:14303	d
japanese	japanese-conversation-real-persona-chat	half	docs/language-contract-benchmark/conversations/inputs.tsv:10456	n
japanese	japanese-conversation-real-persona-chat	half	docs/language-contract-benchmark/conversations/inputs.tsv:9008	t
japanese	japanese-conversation-real-persona-chat	half	docs/language-contract-benchmark/conversations/inputs.tsv:4409	dasa
japanese	japanese-conversation-real-persona-chat	half	docs/language-contract-benchmark/conversations/inputs.tsv:4386	niwa
japanese	japanese-conversation-real-persona-chat	half	docs/language-contract-benchmark/conversations/inputs.tsv:2093	uri
japanese	japanese-conversation-real-persona-chat	half	docs/language-contract-benchmark/conversations/inputs.tsv:8488	n
japanese	japanese-conversation-real-persona-chat	half	docs/language-contract-benchmark/conversations/inputs.tsv:11343	t
japanese	japanese-conversation-real-persona-chat	half	docs/language-contract-benchmark/conversations/inputs.tsv:6459	t
japanese	japanese-conversation-real-persona-chat	initials	docs/language-contract-benchmark/conversations/inputs.tsv:2543	gmtat
japanese	japanese-conversation-real-persona-chat	initials	docs/language-contract-benchmark/conversations/inputs.tsv:898	kd
japanese	japanese-conversation-real-persona-chat	initials	docs/language-contract-benchmark/conversations/inputs.tsv:7090	k
japanese	japanese-conversation-real-persona-chat	initials	docs/language-contract-benchmark/conversations/inputs.tsv:11193	t
japanese	japanese-conversation-real-persona-chat	initials	docs/language-contract-benchmark/conversations/inputs.tsv:7210	w
japanese	japanese-conversation-real-persona-chat	initials	docs/language-contract-benchmark/conversations/inputs.tsv:12718	ad
japanese	japanese-conversation-real-persona-chat	initials	docs/language-contract-benchmark/conversations/inputs.tsv:9466	k
japanese	japanese-conversation-real-persona-chat	initials	docs/language-contract-benchmark/conversations/inputs.tsv:14624	h
japanese	japanese-conversation-real-persona-chat	initials	docs/language-contract-benchmark/conversations/inputs.tsv:8754	sdn
japanese	japanese-conversation-real-persona-chat	initials	docs/language-contract-benchmark/conversations/inputs.tsv:1664	t
japanese	japanese-conversation-real-persona-chat	initials	docs/language-contract-benchmark/conversations/inputs.tsv:5552	ma
japanese	japanese-conversation-real-persona-chat	initials	docs/language-contract-benchmark/conversations/inputs.tsv:13826	d
japanese	japanese-conversation-real-persona-chat	initials	docs/language-contract-benchmark/conversations/inputs.tsv:11529	d
japanese	japanese-conversation-real-persona-chat	initials	docs/language-contract-benchmark/conversations/inputs.tsv:8778	kgtd
japanese	japanese-conversation-real-persona-chat	initials	docs/language-contract-benchmark/conversations/inputs.tsv:1097	skd
japanese	japanese-conversation-real-persona-chat	initials	docs/language-contract-benchmark/conversations/inputs.tsv:12766	sfam
japanese	japanese-conversation-real-persona-chat	mixed	docs/language-contract-benchmark/conversations/inputs.tsv:284	kmo
japanese	japanese-conversation-real-persona-chat	mixed	docs/language-contract-benchmark/conversations/inputs.tsv:411	d
japanese	japanese-conversation-real-persona-chat	mixed	docs/language-contract-benchmark/conversations/inputs.tsv:8539	m
japanese	japanese-conversation-real-persona-chat	mixed	docs/language-contract-benchmark/conversations/inputs.tsv:9443	k
japanese	japanese-conversation-real-persona-chat	mixed	docs/language-contract-benchmark/conversations/inputs.tsv:9907	t
japanese	japanese-conversation-real-persona-chat	mixed	docs/language-contract-benchmark/conversations/inputs.tsv:12113	snandesun
japanese	japanese-conversation-real-persona-chat	mixed	docs/language-contract-benchmark/conversations/inputs.tsv:6885	m
japanese	japanese-conversation-real-persona-chat	mixed	docs/language-contract-benchmark/conversations/inputs.tsv:7043	y
japanese	japanese-conversation-real-persona-chat	mixed	docs/language-contract-benchmark/conversations/inputs.tsv:12958	k
japanese	japanese-conversation-real-persona-chat	mixed	docs/language-contract-benchmark/conversations/inputs.tsv:13237	skamshirendesun
japanese	japanese-conversation-real-persona-chat	mixed	docs/language-contract-benchmark/conversations/inputs.tsv:9499	s
japanese	japanese-conversation-real-persona-chat	mixed	docs/language-contract-benchmark/conversations/inputs.tsv:5737	dhanashinndka
japanese	japanese-conversation-real-persona-chat	mixed	docs/language-contract-benchmark/conversations/inputs.tsv:6120	i
japanese	japanese-conversation-real-persona-chat	mixed	docs/language-contract-benchmark/conversations/inputs.tsv:5681	n
japanese	japanese-conversation-real-persona-chat	mixed	docs/language-contract-benchmark/conversations/inputs.tsv:643	w
japanese	japanese-conversation-real-persona-chat	mixed	docs/language-contract-benchmark/conversations/inputs.tsv:7227	d
japanese	japanese-conversation-real-persona-chat	neighbor	docs/language-contract-benchmark/conversations/inputs.tsv:7134	yekure
japanese	japanese-conversation-real-persona-chat	neighbor	docs/language-contract-benchmark/conversations/inputs.tsv:15265	yo
japanese	japanese-conversation-real-persona-chat	neighbor	docs/language-contract-benchmark/conversations/inputs.tsv:15098	naxysu
japanese	japanese-conversation-real-persona-chat	neighbor	docs/language-contract-benchmark/conversations/inputs.tsv:10078	ja
japanese	japanese-conversation-real-persona-chat	neighbor	docs/language-contract-benchmark/conversations/inputs.tsv:11189	tpki
japanese	japanese-conversation-real-persona-chat	neighbor	docs/language-contract-benchmark/conversations/inputs.tsv:14876	dsn
japanese	japanese-conversation-real-persona-chat	neighbor	docs/language-contract-benchmark/conversations/inputs.tsv:1987	uxysu
japanese	japanese-conversation-real-persona-chat	neighbor	docs/language-contract-benchmark/conversations/inputs.tsv:10222	jidainiokitaridurundeshouka
japanese	japanese-conversation-real-persona-chat	neighbor	docs/language-contract-benchmark/conversations/inputs.tsv:8510	ha
japanese	japanese-conversation-real-persona-chat	neighbor	docs/language-contract-benchmark/conversations/inputs.tsv:12020	wstakushi
japanese	japanese-conversation-real-persona-chat	neighbor	docs/language-contract-benchmark/conversations/inputs.tsv:13296	mi
japanese	japanese-conversation-real-persona-chat	neighbor	docs/language-contract-benchmark/conversations/inputs.tsv:24	mo
japanese	japanese-conversation-real-persona-chat	neighbor	docs/language-contract-benchmark/conversations/inputs.tsv:12618	infurienzasuramadakakattakotonaindesu
japanese	japanese-conversation-real-persona-chat	neighbor	docs/language-contract-benchmark/conversations/inputs.tsv:7526	kpto
japanese	japanese-conversation-real-persona-chat	neighbor	docs/language-contract-benchmark/conversations/inputs.tsv:5044	la
japanese	japanese-conversation-real-persona-chat	neighbor	docs/language-contract-benchmark/conversations/inputs.tsv:10318	madhi
japanese	japanese-conversation-real-persona-chat	omission	docs/language-contract-benchmark/conversations/inputs.tsv:13853	ndsu
japanese	japanese-conversation-real-persona-chat	omission	docs/language-contract-benchmark/conversations/inputs.tsv:13669	a
japanese	japanese-conversation-real-persona-chat	omission	docs/language-contract-benchmark/conversations/inputs.tsv:8525	taa
japanese	japanese-conversation-real-persona-chat	omission	docs/language-contract-benchmark/conversations/inputs.tsv:13534	soixtsu
japanese	japanese-conversation-real-persona-chat	omission	docs/language-contract-benchmark/conversations/inputs.tsv:14380	e
japanese	japanese-conversation-real-persona-chat	omission	docs/language-contract-benchmark/conversations/inputs.tsv:10085	kanen
japanese	japanese-conversation-real-persona-chat	omission	docs/language-contract-benchmark/conversations/inputs.tsv:14045	hitotmootokonokodesu
japanese	japanese-conversation-real-persona-chat	omission	docs/language-contract-benchmark/conversations/inputs.tsv:2818	desu
japanese	japanese-conversation-real-persona-chat	omission	docs/language-contract-benchmark/conversations/inputs.tsv:7205	dnshi
japanese	japanese-conversation-real-persona-chat	omission	docs/language-contract-benchmark/conversations/inputs.tsv:10061	itsumooomenandesuka
japanese	japanese-conversation-real-persona-chat	omission	docs/language-contract-benchmark/conversations/inputs.tsv:13925	o
japanese	japanese-conversation-real-persona-chat	omission	docs/language-contract-benchmark/conversations/inputs.tsv:2154	e
japanese	japanese-conversation-real-persona-chat	omission	docs/language-contract-benchmark/conversations/inputs.tsv:557	deu
japanese	japanese-conversation-real-persona-chat	omission	docs/language-contract-benchmark/conversations/inputs.tsv:7037	nku
japanese	japanese-conversation-real-persona-chat	omission	docs/language-contract-benchmark/conversations/inputs.tsv:6153	o
japanese	japanese-conversation-real-persona-chat	omission	docs/language-contract-benchmark/conversations/inputs.tsv:8413	teti
japanese	japanese-conversation-real-persona-chat	three-quarter	docs/language-contract-benchmark/conversations/inputs.tsv:14783	k
japanese	japanese-conversation-real-persona-chat	three-quarter	docs/language-contract-benchmark/conversations/inputs.tsv:14232	n
japanese	japanese-conversation-real-persona-chat	three-quarter	docs/language-contract-benchmark/conversations/inputs.tsv:14280	k
japanese	japanese-conversation-real-persona-chat	three-quarter	docs/language-contract-benchmark/conversations/inputs.tsv:7993	des
japanese	japanese-conversation-real-persona-chat	three-quarter	docs/language-contract-benchmark/conversations/inputs.tsv:7169	pianowosareteirunode
japanese	japanese-conversation-real-persona-chat	three-quarter	docs/language-contract-benchmark/conversations/inputs.tsv:12533	saik
japanese	japanese-conversation-real-persona-chat	three-quarter	docs/language-contract-benchmark/conversations/inputs.tsv:6961	hana
japanese	japanese-conversation-real-persona-chat	three-quarter	docs/language-contract-benchmark/conversations/inputs.tsv:1838	yak
japanese	japanese-conversation-real-persona-chat	three-quarter	docs/language-contract-benchmark/conversations/inputs.tsv:1679	ka
japanese	japanese-conversation-real-persona-chat	three-quarter	docs/language-contract-benchmark/conversations/inputs.tsv:9849	hajimer
japanese	japanese-conversation-real-persona-chat	three-quarter	docs/language-contract-benchmark/conversations/inputs.tsv:5791	kot
japanese	japanese-conversation-real-persona-chat	three-quarter	docs/language-contract-benchmark/conversations/inputs.tsv:10609	benky
japanese	japanese-conversation-real-persona-chat	three-quarter	docs/language-contract-benchmark/conversations/inputs.tsv:7585	des
japanese	japanese-conversation-real-persona-chat	three-quarter	docs/language-contract-benchmark/conversations/inputs.tsv:6054	ha
japanese	japanese-conversation-real-persona-chat	three-quarter	docs/language-contract-benchmark/conversations/inputs.tsv:1663	t
japanese	japanese-conversation-real-persona-chat	three-quarter	docs/language-contract-benchmark/conversations/inputs.tsv:7553	n
japanese	japanese-conversation-real-persona-chat	transpose	docs/language-contract-benchmark/conversations/inputs.tsv:15001	minankanarazunesageyoukyuushitekurunde
japanese	japanese-conversation-real-persona-chat	transpose	docs/language-contract-benchmark/conversations/inputs.tsv:10892	naod
japanese	japanese-conversation-real-persona-chat	transpose	docs/language-contract-benchmark/conversations/inputs.tsv:6671	dseuka
japanese	japanese-conversation-real-persona-chat	transpose	docs/language-contract-benchmark/conversations/inputs.tsv:5490	et
japanese	japanese-conversation-real-persona-chat	transpose	docs/language-contract-benchmark/conversations/inputs.tsv:10820	nayaminagaar
japanese	japanese-conversation-real-persona-chat	transpose	docs/language-contract-benchmark/conversations/inputs.tsv:9060	asre
japanese	japanese-conversation-real-persona-chat	transpose	docs/language-contract-benchmark/conversations/inputs.tsv:6559	atra
japanese	japanese-conversation-real-persona-chat	transpose	docs/language-contract-benchmark/conversations/inputs.tsv:6902	deus
japanese	japanese-conversation-real-persona-chat	transpose	docs/language-contract-benchmark/conversations/inputs.tsv:5298	tia
japanese	japanese-conversation-real-persona-chat	transpose	docs/language-contract-benchmark/conversations/inputs.tsv:2833	tachifeu
japanese	japanese-conversation-real-persona-chat	transpose	docs/language-contract-benchmark/conversations/inputs.tsv:12401	masusih
japanese	japanese-conversation-real-persona-chat	transpose	docs/language-contract-benchmark/conversations/inputs.tsv:3256	ag
japanese	japanese-conversation-real-persona-chat	transpose	docs/language-contract-benchmark/conversations/inputs.tsv:9948	ak
japanese	japanese-conversation-real-persona-chat	transpose	docs/language-contract-benchmark/conversations/inputs.tsv:5130	sakiin
japanese	japanese-conversation-real-persona-chat	transpose	docs/language-contract-benchmark/conversations/inputs.tsv:1697	easto
japanese	japanese-conversation-real-persona-chat	transpose	docs/language-contract-benchmark/conversations/inputs.tsv:6687	kekkoushougaiow
japanese	japanese-retrieval	full	docs/language-contract-benchmark/inputs.tsv:3453	sankyuu
japanese	japanese-retrieval	full	docs/language-contract-benchmark/inputs.tsv:3285	iiyouganai
japanese	japanese-retrieval	full	docs/language-contract-benchmark/inputs.tsv:3249	nashiniha
japanese	japanese-retrieval	full	docs/language-contract-benchmark/inputs.tsv:3309	koremade
japanese	japanese-retrieval	full	docs/language-contract-benchmark/inputs.tsv:3363	hajimemashite
japanese	japanese-retrieval	full	docs/language-contract-benchmark/inputs.tsv:3405	inamenai
japanese	japanese-retrieval	full	docs/language-contract-benchmark/inputs.tsv:3501	kotoninaru
japanese	japanese-retrieval	full	docs/language-contract-benchmark/inputs.tsv:3303	abunai
japanese	japanese-retrieval	half	docs/language-contract-benchmark/inputs.tsv:3268	tc
japanese	japanese-retrieval	half	docs/language-contract-benchmark/inputs.tsv:3496	i
japanese	japanese-retrieval	half	docs/language-contract-benchmark/inputs.tsv:3310	kore
japanese	japanese-retrieval	half	docs/language-contract-benchmark/inputs.tsv:3226	nanj
japanese	japanese-retrieval	half	docs/language-contract-benchmark/inputs.tsv:3457	san
japanese	japanese-retrieval	half	docs/language-contract-benchmark/inputs.tsv:3529	nan
japanese	japanese-retrieval	half	docs/language-contract-benchmark/inputs.tsv:3373	hajime
japanese	japanese-retrieval	half	docs/language-contract-benchmark/inputs.tsv:3274	puree
japanese	japanese-retrieval	transpose	docs/language-contract-benchmark/inputs.tsv:3254	nashiniah
japanese	japanese-retrieval	transpose	docs/language-contract-benchmark/inputs.tsv:3440	aiteodru
japanese	japanese-retrieval	transpose	docs/language-contract-benchmark/inputs.tsv:3446	irassahimase
japanese	japanese-retrieval	transpose	docs/language-contract-benchmark/inputs.tsv:3392	tetkotoha
japanese	japanese-retrieval	transpose	docs/language-contract-benchmark/inputs.tsv:3536	nadnemo
japanese	japanese-retrieval	transpose	docs/language-contract-benchmark/inputs.tsv:3206	kotoniyroi
japanese	japanese-retrieval	transpose	docs/language-contract-benchmark/inputs.tsv:3410	inmaenai
japanese	japanese-retrieval	transpose	docs/language-contract-benchmark/inputs.tsv:3524	maziu
japanese	japanese-source	full	docs/language-contract-benchmark/inputs.tsv:11847	makkiteki
japanese	japanese-source	full	docs/language-contract-benchmark/inputs.tsv:10623	kudaru
japanese	japanese-source	full	docs/language-contract-benchmark/inputs.tsv:10667	hennyuu
japanese	japanese-source	full	docs/language-contract-benchmark/inputs.tsv:12399	inshi
japanese	japanese-source	full	docs/language-contract-benchmark/inputs.tsv:9827	shashinka
japanese	japanese-source	full	docs/language-contract-benchmark/inputs.tsv:10763	tsuitotsu
japanese	japanese-source	full	docs/language-contract-benchmark/inputs.tsv:6519	kane
japanese	japanese-source	full	docs/language-contract-benchmark/inputs.tsv:8703	hijouni
japanese	japanese-source	full	docs/language-contract-benchmark/inputs.tsv:7167	hakugeki
japanese	japanese-source	full	docs/language-contract-benchmark/inputs.tsv:11915	kinou
japanese	japanese-source	full	docs/language-contract-benchmark/inputs.tsv:11535	shukuden
japanese	japanese-source	full	docs/language-contract-benchmark/inputs.tsv:5683	haifu
japanese	japanese-source	full	docs/language-contract-benchmark/inputs.tsv:5359	yankii
japanese	japanese-source	full	docs/language-contract-benchmark/inputs.tsv:6299	enten
japanese	japanese-source	full	docs/language-contract-benchmark/inputs.tsv:9207	kyuuteiihanii
japanese	japanese-source	full	docs/language-contract-benchmark/inputs.tsv:10683	hakketsubyou
japanese	japanese-source	half	docs/language-contract-benchmark/inputs.tsv:5156	maj
japanese	japanese-source	half	docs/language-contract-benchmark/inputs.tsv:8072	r
japanese	japanese-source	half	docs/language-contract-benchmark/inputs.tsv:12684	byuut
japanese	japanese-source	half	docs/language-contract-benchmark/inputs.tsv:11032	mid
japanese	japanese-source	half	docs/language-contract-benchmark/inputs.tsv:9624	fuk
japanese	japanese-source	half	docs/language-contract-benchmark/inputs.tsv:10032	ha
japanese	japanese-source	half	docs/language-contract-benchmark/inputs.tsv:8000	ne
japanese	japanese-source	half	docs/language-contract-benchmark/inputs.tsv:9288	reit
japanese	japanese-source	half	docs/language-contract-benchmark/inputs.tsv:6364	ish
japanese	japanese-source	half	docs/language-contract-benchmark/inputs.tsv:5936	eiraku
japanese	japanese-source	half	docs/language-contract-benchmark/inputs.tsv:12788	om
japanese	japanese-source	half	docs/language-contract-benchmark/inputs.tsv:7824	wari
japanese	japanese-source	half	docs/language-contract-benchmark/inputs.tsv:7532	ishidas
japanese	japanese-source	half	docs/language-contract-benchmark/inputs.tsv:8028	ma
japanese	japanese-source	half	docs/language-contract-benchmark/inputs.tsv:7028	ue
japanese	japanese-source	half	docs/language-contract-benchmark/inputs.tsv:12912	chousenminshushug
japanese	japanese-source	initials	docs/language-contract-benchmark/inputs.tsv:12753	atiumn
japanese	japanese-source	initials	docs/language-contract-benchmark/inputs.tsv:5069	ktyr
japanese	japanese-source	initials	docs/language-contract-benchmark/inputs.tsv:8237	hnsn
japanese	japanese-source	initials	docs/language-contract-benchmark/inputs.tsv:5673	hnr
japanese	japanese-source	initials	docs/language-contract-benchmark/inputs.tsv:11673	ski
japanese	japanese-source	initials	docs/language-contract-benchmark/inputs.tsv:10177	igk
japanese	japanese-source	initials	docs/language-contract-benchmark/inputs.tsv:8953	rucu
japanese	japanese-source	initials	docs/language-contract-benchmark/inputs.tsv:12461	yk
japanese	japanese-source	initials	docs/language-contract-benchmark/inputs.tsv:10249	cukmnkk
japanese	japanese-source	initials	docs/language-contract-benchmark/inputs.tsv:8293	gks
japanese	japanese-source	initials	docs/language-contract-benchmark/inputs.tsv:7081	siku
japanese	japanese-source	initials	docs/language-contract-benchmark/inputs.tsv:7633	kzr
japanese	japanese-source	initials	docs/language-contract-benchmark/inputs.tsv:10121	msgrin
japanese	japanese-source	initials	docs/language-contract-benchmark/inputs.tsv:6425	yiit
japanese	japanese-source	initials	docs/language-contract-benchmark/inputs.tsv:5385	kukijkn
japanese	japanese-source	initials	docs/language-contract-benchmark/inputs.tsv:12105	usrdt
japanese	japanese-source	mixed	docs/language-contract-benchmark/inputs.tsv:8102	rkkus
japanese	japanese-source	mixed	docs/language-contract-benchmark/inputs.tsv:10802	jnb
japanese	japanese-source	mixed	docs/language-contract-benchmark/inputs.tsv:5142	nkab
japanese	japanese-source	mixed	docs/language-contract-benchmark/inputs.tsv:11950	sutn
japanese	japanese-source	mixed	docs/language-contract-benchmark/inputs.tsv:11482	knkos
japanese	japanese-source	mixed	docs/language-contract-benchmark/inputs.tsv:11170	yu
japanese	japanese-source	mixed	docs/language-contract-benchmark/inputs.tsv:8846	tbokru
japanese	japanese-source	mixed	docs/language-contract-benchmark/inputs.tsv:9162	sncu
japanese	japanese-source	mixed	docs/language-contract-benchmark/inputs.tsv:11182	cuthanpa
japanese	japanese-source	mixed	docs/language-contract-benchmark/inputs.tsv:12930	cukminkokkougyouanzenisikuki
japanese	japanese-source	mixed	docs/language-contract-benchmark/inputs.tsv:6102	kriire
japanese	japanese-source	mixed	docs/language-contract-benchmark/inputs.tsv:5578	sisn
japanese	japanese-source	mixed	docs/language-contract-benchmark/inputs.tsv:7286	sehro
japanese	japanese-source	mixed	docs/language-contract-benchmark/inputs.tsv:6758	gragra
japanese	japanese-source	mixed	docs/language-contract-benchmark/inputs.tsv:10290	ttsu
japanese	japanese-source	mixed	docs/language-contract-benchmark/inputs.tsv:6562	stei
poj	poj-conversation-suisiann-thousand	full	docs/language-contract-benchmark/conversations/inputs.tsv:40733	khaisi
poj	poj-conversation-suisiann-thousand	full	docs/language-contract-benchmark/conversations/inputs.tsv:38758	chui
poj	poj-conversation-suisiann-thousand	full	docs/language-contract-benchmark/conversations/inputs.tsv:42910	kohchapgoohunchengtokaukohiongah
poj	poj-conversation-suisiann-thousand	full	docs/language-contract-benchmark/conversations/inputs.tsv:36902	iahsi
poj	poj-conversation-suisiann-thousand	full	docs/language-contract-benchmark/conversations/inputs.tsv:35490	be
poj	poj-conversation-suisiann-thousand	full	docs/language-contract-benchmark/conversations/inputs.tsv:39045	goajilongsiabechhutlai
poj	poj-conversation-suisiann-thousand	full	docs/language-contract-benchmark/conversations/inputs.tsv:37253	likongleh
poj	poj-conversation-suisiann-thousand	full	docs/language-contract-benchmark/conversations/inputs.tsv:42122	iunntongphengsiansinn
poj	poj-conversation-suisiann-thousand	full	docs/language-contract-benchmark/conversations/inputs.tsv:41612	chhiann
poj	poj-conversation-suisiann-thousand	full	docs/language-contract-benchmark/conversations/inputs.tsv:39765	iohtoann
poj	poj-conversation-suisiann-thousand	full	docs/language-contract-benchmark/conversations/inputs.tsv:40137	tansiansinnho
poj	poj-conversation-suisiann-thousand	full	docs/language-contract-benchmark/conversations/inputs.tsv:33809	chhiannmholiapiann
poj	poj-conversation-suisiann-thousand	full	docs/language-contract-benchmark/conversations/inputs.tsv:43967	punliatchhiasiitkhongitkiuchhiachhu
poj	poj-conversation-suisiann-thousand	full	docs/language-contract-benchmark/conversations/inputs.tsv:38225	koklangchiahkoklange
poj	poj-conversation-suisiann-thousand	full	docs/language-contract-benchmark/conversations/inputs.tsv:43959	khahbeguihiam
poj	poj-conversation-suisiann-thousand	full	docs/language-contract-benchmark/conversations/inputs.tsv:43134	hoangengtaioanepengiu
poj	poj-conversation-suisiann-thousand	half	docs/language-contract-benchmark/conversations/inputs.tsv:43627	ch
poj	poj-conversation-suisiann-thousand	half	docs/language-contract-benchmark/conversations/inputs.tsv:38593	chiong
poj	poj-conversation-suisiann-thousand	half	docs/language-contract-benchmark/conversations/inputs.tsv:38855	an
poj	poj-conversation-suisiann-thousand	half	docs/language-contract-benchmark/conversations/inputs.tsv:37627	kh
poj	poj-conversation-suisiann-thousand	half	docs/language-contract-benchmark/conversations/inputs.tsv:43564	chh
poj	poj-conversation-suisiann-thousand	half	docs/language-contract-benchmark/conversations/inputs.tsv:34359	k
poj	poj-conversation-suisiann-thousand	half	docs/language-contract-benchmark/conversations/inputs.tsv:33044	goachitko
poj	poj-conversation-suisiann-thousand	half	docs/language-contract-benchmark/conversations/inputs.tsv:40281	eengehjiplai
poj	poj-conversation-suisiann-thousand	half	docs/language-contract-benchmark/conversations/inputs.tsv:33092	huinntitlianchoannk
poj	poj-conversation-suisiann-thousand	half	docs/language-contract-benchmark/conversations/inputs.tsv:33810	chhiannmh
poj	poj-conversation-suisiann-thousand	half	docs/language-contract-benchmark/conversations/inputs.tsv:43604	e
poj	poj-conversation-suisiann-thousand	half	docs/language-contract-benchmark/conversations/inputs.tsv:39398	chuich
poj	poj-conversation-suisiann-thousand	half	docs/language-contract-benchmark/conversations/inputs.tsv:41437	chiann
poj	poj-conversation-suisiann-thousand	half	docs/language-contract-benchmark/conversations/inputs.tsv:36839	joa
poj	poj-conversation-suisiann-thousand	half	docs/language-contract-benchmark/conversations/inputs.tsv:43326	kia
poj	poj-conversation-suisiann-thousand	half	docs/language-contract-benchmark/conversations/inputs.tsv:33699	l
poj	poj-conversation-suisiann-thousand	initials	docs/language-contract-benchmark/conversations/inputs.tsv:38865	st
poj	poj-conversation-suisiann-thousand	initials	docs/language-contract-benchmark/conversations/inputs.tsv:38172	hcepstkpshle
poj	poj-conversation-suisiann-thousand	initials	docs/language-contract-benchmark/conversations/inputs.tsv:32060	ci
poj	poj-conversation-suisiann-thousand	initials	docs/language-contract-benchmark/conversations/inputs.tsv:30798	e
poj	poj-conversation-suisiann-thousand	initials	docs/language-contract-benchmark/conversations/inputs.tsv:36762	s
poj	poj-conversation-suisiann-thousand	initials	docs/language-contract-benchmark/conversations/inputs.tsv:32943	i
poj	poj-conversation-suisiann-thousand	initials	docs/language-contract-benchmark/conversations/inputs.tsv:39440	gthkk
poj	poj-conversation-suisiann-thousand	initials	docs/language-contract-benchmark/conversations/inputs.tsv:41949	sc
poj	poj-conversation-suisiann-thousand	initials	docs/language-contract-benchmark/conversations/inputs.tsv:43464	lk
poj	poj-conversation-suisiann-thousand	initials	docs/language-contract-benchmark/conversations/inputs.tsv:30845	g
poj	poj-conversation-suisiann-thousand	initials	docs/language-contract-benchmark/conversations/inputs.tsv:43511	c
poj	poj-conversation-suisiann-thousand	initials	docs/language-contract-benchmark/conversations/inputs.tsv:32594	a
poj	poj-conversation-suisiann-thousand	initials	docs/language-contract-benchmark/conversations/inputs.tsv:34361	k
poj	poj-conversation-suisiann-thousand	initials	docs/language-contract-benchmark/conversations/inputs.tsv:34417	kkbitc
poj	poj-conversation-suisiann-thousand	initials	docs/language-contract-benchmark/conversations/inputs.tsv:39136	chh
poj	poj-conversation-suisiann-thousand	initials	docs/language-contract-benchmark/conversations/inputs.tsv:35438	c
poj	poj-conversation-suisiann-thousand	mixed	docs/language-contract-benchmark/conversations/inputs.tsv:32372	slohl
poj	poj-conversation-suisiann-thousand	mixed	docs/language-contract-benchmark/conversations/inputs.tsv:43622	schaps
poj	poj-conversation-suisiann-thousand	mixed	docs/language-contract-benchmark/conversations/inputs.tsv:41854	cmng
poj	poj-conversation-suisiann-thousand	mixed	docs/language-contract-benchmark/conversations/inputs.tsv:42006	l
poj	poj-conversation-suisiann-thousand	mixed	docs/language-contract-benchmark/conversations/inputs.tsv:42166	lepiutlehcli
poj	poj-conversation-suisiann-thousand	mixed	docs/language-contract-benchmark/conversations/inputs.tsv:41200	tchhucchitesikkhiau
poj	poj-conversation-suisiann-thousand	mixed	docs/language-contract-benchmark/conversations/inputs.tsv:40769	atia
poj	poj-conversation-suisiann-thousand	mixed	docs/language-contract-benchmark/conversations/inputs.tsv:44131	cma
poj	poj-conversation-suisiann-thousand	mixed	docs/language-contract-benchmark/conversations/inputs.tsv:35209	iannkong
poj	poj-conversation-suisiann-thousand	mixed	docs/language-contract-benchmark/conversations/inputs.tsv:40530	l
poj	poj-conversation-suisiann-thousand	mixed	docs/language-contract-benchmark/conversations/inputs.tsv:45050	tkegnauhiahs
poj	poj-conversation-suisiann-thousand	mixed	docs/language-contract-benchmark/conversations/inputs.tsv:40125	iuicpaihsioktang
poj	poj-conversation-suisiann-thousand	mixed	docs/language-contract-benchmark/conversations/inputs.tsv:32140	k
poj	poj-conversation-suisiann-thousand	mixed	docs/language-contract-benchmark/conversations/inputs.tsv:36930	p
poj	poj-conversation-suisiann-thousand	mixed	docs/language-contract-benchmark/conversations/inputs.tsv:35733	l
poj	poj-conversation-suisiann-thousand	mixed	docs/language-contract-benchmark/conversations/inputs.tsv:41208	ckhiothiaut
poj	poj-conversation-suisiann-thousand	neighbor	docs/language-contract-benchmark/conversations/inputs.tsv:33641	jo
poj	poj-conversation-suisiann-thousand	neighbor	docs/language-contract-benchmark/conversations/inputs.tsv:39660	longcjong
poj	poj-conversation-suisiann-thousand	neighbor	docs/language-contract-benchmark/conversations/inputs.tsv:37952	kan
poj	poj-conversation-suisiann-thousand	neighbor	docs/language-contract-benchmark/conversations/inputs.tsv:31374	lakkhanokhoannehiann
poj	poj-conversation-suisiann-thousand	neighbor	docs/language-contract-benchmark/conversations/inputs.tsv:37768	hoa
poj	poj-conversation-suisiann-thousand	neighbor	docs/language-contract-benchmark/conversations/inputs.tsv:42965	poannyiamchengkauah
poj	poj-conversation-suisiann-thousand	neighbor	docs/language-contract-benchmark/conversations/inputs.tsv:39060	pjainnlangkachinnunchhutkhikokgoa
poj	poj-conversation-suisiann-thousand	neighbor	docs/language-contract-benchmark/conversations/inputs.tsv:32812	smg
poj	poj-conversation-suisiann-thousand	neighbor	docs/language-contract-benchmark/conversations/inputs.tsv:39172	bosejihooabokakhoanntiphe
poj	poj-conversation-suisiann-thousand	neighbor	docs/language-contract-benchmark/conversations/inputs.tsv:38717	la
poj	poj-conversation-suisiann-thousand	neighbor	docs/language-contract-benchmark/conversations/inputs.tsv:40327	litheichhrngka
poj	poj-conversation-suisiann-thousand	neighbor	docs/language-contract-benchmark/conversations/inputs.tsv:31796	yi
poj	poj-conversation-suisiann-thousand	neighbor	docs/language-contract-benchmark/conversations/inputs.tsv:32423	siangchiochitsihookangsibokhoainnlah
poj	poj-conversation-suisiann-thousand	neighbor	docs/language-contract-benchmark/conversations/inputs.tsv:37554	n
poj	poj-conversation-suisiann-thousand	neighbor	docs/language-contract-benchmark/conversations/inputs.tsv:37436	iahsibehkhotailam
poj	poj-conversation-suisiann-thousand	neighbor	docs/language-contract-benchmark/conversations/inputs.tsv:32025	lamooo
poj	poj-conversation-suisiann-thousand	omission	docs/language-contract-benchmark/conversations/inputs.tsv:39363	thegoakathuioannlohlaihobo
poj	poj-conversation-suisiann-thousand	omission	docs/language-contract-benchmark/conversations/inputs.tsv:42796	chhianntakketngkhikakieichehooho
poj	poj-conversation-suisiann-thousand	omission	docs/language-contract-benchmark/conversations/inputs.tsv:45565	ga
poj	poj-conversation-suisiann-thousand	omission	docs/language-contract-benchmark/conversations/inputs.tsv:44493	konn
poj	poj-conversation-suisiann-thousand	omission	docs/language-contract-benchmark/conversations/inputs.tsv:31653	htsiahbochaumabotiann
poj	poj-conversation-suisiann-thousand	omission	docs/language-contract-benchmark/conversations/inputs.tsv:40326	litheichhngka
poj	poj-conversation-suisiann-thousand	omission	docs/language-contract-benchmark/conversations/inputs.tsv:36205	liuihiahionkong
poj	poj-conversation-suisiann-thousand	omission	docs/language-contract-benchmark/conversations/inputs.tsv:37171	kongoeekhukhaubesutoathauke
poj	poj-conversation-suisiann-thousand	omission	docs/language-contract-benchmark/conversations/inputs.tsv:41896	tianam
poj	poj-conversation-suisiann-thousand	omission	docs/language-contract-benchmark/conversations/inputs.tsv:40524	peah
poj	poj-conversation-suisiann-thousand	omission	docs/language-contract-benchmark/conversations/inputs.tsv:36477	goabhphahhoolibekhanchit
poj	poj-conversation-suisiann-thousand	omission	docs/language-contract-benchmark/conversations/inputs.tsv:41378	siunnsiunnlehiausikoattngboaikhi
poj	poj-conversation-suisiann-thousand	omission	docs/language-contract-benchmark/conversations/inputs.tsv:39635	he
poj	poj-conversation-suisiann-thousand	omission	docs/language-contract-benchmark/conversations/inputs.tsv:42080	chhiukiaphangkinnkuipin
poj	poj-conversation-suisiann-thousand	omission	docs/language-contract-benchmark/conversations/inputs.tsv:45060	chitoannlakmi
poj	poj-conversation-suisiann-thousand	omission	docs/language-contract-benchmark/conversations/inputs.tsv:42112	lolat
poj	poj-conversation-suisiann-thousand	three-quarter	docs/language-contract-benchmark/conversations/inputs.tsv:41749	ban
poj	poj-conversation-suisiann-thousand	three-quarter	docs/language-contract-benchmark/conversations/inputs.tsv:33173	goaikengbosiannsiunnbeh
poj	poj-conversation-suisiann-thousand	three-quarter	docs/language-contract-benchmark/conversations/inputs.tsv:44393	cha
poj	poj-conversation-suisiann-thousand	three-quarter	docs/language-contract-benchmark/conversations/inputs.tsv:34456	thau
poj	poj-conversation-suisiann-thousand	three-quarter	docs/language-contract-benchmark/conversations/inputs.tsv:42490	pan
poj	poj-conversation-suisiann-thousand	three-quarter	docs/language-contract-benchmark/conversations/inputs.tsv:38083	ituichitesiahoekai
poj	poj-conversation-suisiann-thousand	three-quarter	docs/language-contract-benchmark/conversations/inputs.tsv:44568	ki
poj	poj-conversation-suisiann-thousand	three-quarter	docs/language-contract-benchmark/conversations/inputs.tsv:34600	chhulaiulakchhitkichh
poj	poj-conversation-suisiann-thousand	three-quarter	docs/language-contract-benchmark/conversations/inputs.tsv:37463	ielai
poj	poj-conversation-suisiann-thousand	three-quarter	docs/language-contract-benchmark/conversations/inputs.tsv:41014	chitkitekkotngt
poj	poj-conversation-suisiann-thousand	three-quarter	docs/language-contract-benchmark/conversations/inputs.tsv:41828	chhoe
poj	poj-conversation-suisiann-thousand	three-quarter	docs/language-contract-benchmark/conversations/inputs.tsv:35849	oapileakha
poj	poj-conversation-suisiann-thousand	three-quarter	docs/language-contract-benchmark/conversations/inputs.tsv:38379	chingauchi
poj	poj-conversation-suisiann-thousand	three-quarter	docs/language-contract-benchmark/conversations/inputs.tsv:39439	goatuihiaken
poj	poj-conversation-suisiann-thousand	three-quarter	docs/language-contract-benchmark/conversations/inputs.tsv:38618	chauchautn
poj	poj-conversation-suisiann-thousand	three-quarter	docs/language-contract-benchmark/conversations/inputs.tsv:31823	kekhi
poj	poj-conversation-suisiann-thousand	transpose	docs/language-contract-benchmark/conversations/inputs.tsv:37838	gao
poj	poj-conversation-suisiann-thousand	transpose	docs/language-contract-benchmark/conversations/inputs.tsv:45146	iko
poj	poj-conversation-suisiann-thousand	transpose	docs/language-contract-benchmark/conversations/inputs.tsv:40142	tansiasninnho
poj	poj-conversation-suisiann-thousand	transpose	docs/language-contract-benchmark/conversations/inputs.tsv:33328	chitpitsenglilichhianbanmthangkapatlangknog
poj	poj-conversation-suisiann-thousand	transpose	docs/language-contract-benchmark/conversations/inputs.tsv:44428	akm
poj	poj-conversation-suisiann-thousand	transpose	docs/language-contract-benchmark/conversations/inputs.tsv:32261	sookiong
poj	poj-conversation-suisiann-thousand	transpose	docs/language-contract-benchmark/conversations/inputs.tsv:39842	i
poj	poj-conversation-suisiann-thousand	transpose	docs/language-contract-benchmark/conversations/inputs.tsv:35782	e
poj	poj-conversation-suisiann-thousand	transpose	docs/language-contract-benchmark/conversations/inputs.tsv:44979	chisiputisaikhioannbattelih
poj	poj-conversation-suisiann-thousand	transpose	docs/language-contract-benchmark/conversations/inputs.tsv:30705	e
poj	poj-conversation-suisiann-thousand	transpose	docs/language-contract-benchmark/conversations/inputs.tsv:45644	siunnbehkakaonsim
poj	poj-conversation-suisiann-thousand	transpose	docs/language-contract-benchmark/conversations/inputs.tsv:45612	iatpenggoaethakchheh
poj	poj-conversation-suisiann-thousand	transpose	docs/language-contract-benchmark/conversations/inputs.tsv:43011	kiannkaulieuiilauau
poj	poj-conversation-suisiann-thousand	transpose	docs/language-contract-benchmark/conversations/inputs.tsv:42303	ah
poj	poj-conversation-suisiann-thousand	transpose	docs/language-contract-benchmark/conversations/inputs.tsv:32125	thninkhi
poj	poj-conversation-suisiann-thousand	transpose	docs/language-contract-benchmark/conversations/inputs.tsv:41919	shi
poj	poj-conversation-taiwanese-basic	full	docs/language-contract-benchmark/conversations/inputs.tsv:58935	chhektiohkakangchiahepinnchopehbi
poj	poj-conversation-taiwanese-basic	full	docs/language-contract-benchmark/conversations/inputs.tsv:56939	e
poj	poj-conversation-taiwanese-basic	full	docs/language-contract-benchmark/conversations/inputs.tsv:52180	hitchiahniauchhililiahutiohbo
poj	poj-conversation-taiwanese-basic	full	docs/language-contract-benchmark/conversations/inputs.tsv:48230	linasiongbochunchiuphahbetui
poj	poj-conversation-taiwanese-basic	full	docs/language-contract-benchmark/conversations/inputs.tsv:51297	kap
poj	poj-conversation-taiwanese-basic	full	docs/language-contract-benchmark/conversations/inputs.tsv:55755	chhulaiemihmthanglamsamitong
poj	poj-conversation-taiwanese-basic	full	docs/language-contract-benchmark/conversations/inputs.tsv:50922	sionghailangelenghunpisionghailangejioksinkhahlihai
poj	poj-conversation-taiwanese-basic	full	docs/language-contract-benchmark/conversations/inputs.tsv:49026	hitehoanlanglitiohaisiongsiongkaanui
poj	poj-conversation-taiwanese-basic	full	docs/language-contract-benchmark/conversations/inputs.tsv:50158	lichingauolo
poj	poj-conversation-taiwanese-basic	full	docs/language-contract-benchmark/conversations/inputs.tsv:54347	goa
poj	poj-conversation-taiwanese-basic	full	docs/language-contract-benchmark/conversations/inputs.tsv:59834	i
poj	poj-conversation-taiwanese-basic	full	docs/language-contract-benchmark/conversations/inputs.tsv:54070	ituiuntongchinuchhubi
poj	poj-conversation-taiwanese-basic	full	docs/language-contract-benchmark/conversations/inputs.tsv:46403	hoekohkhahsuiiaesia
poj	poj-conversation-taiwanese-basic	full	docs/language-contract-benchmark/conversations/inputs.tsv:53661	iasookhnglangtiohaiaipatlangchhinchhiunnaikati
poj	poj-conversation-taiwanese-basic	full	docs/language-contract-benchmark/conversations/inputs.tsv:47465	tiohaipakhooan
poj	poj-conversation-taiwanese-basic	full	docs/language-contract-benchmark/conversations/inputs.tsv:59642	pi
poj	poj-conversation-taiwanese-basic	half	docs/language-contract-benchmark/conversations/inputs.tsv:54658	chitepinnlangbangthianchu
poj	poj-conversation-taiwanese-basic	half	docs/language-contract-benchmark/conversations/inputs.tsv:51720	liboehb
poj	poj-conversation-taiwanese-basic	half	docs/language-contract-benchmark/conversations/inputs.tsv:55114	thau
poj	poj-conversation-taiwanese-basic	half	docs/language-contract-benchmark/conversations/inputs.tsv:58738	sim
poj	poj-conversation-taiwanese-basic	half	docs/language-contract-benchmark/conversations/inputs.tsv:58754	chh
poj	poj-conversation-taiwanese-basic	half	docs/language-contract-benchmark/conversations/inputs.tsv:52485	mthangchhutk
poj	poj-conversation-taiwanese-basic	half	docs/language-contract-benchmark/conversations/inputs.tsv:53906	ti
poj	poj-conversation-taiwanese-basic	half	docs/language-contract-benchmark/conversations/inputs.tsv:48908	g
poj	poj-conversation-taiwanese-basic	half	docs/language-contract-benchmark/conversations/inputs.tsv:59795	engsohap
poj	poj-conversation-taiwanese-basic	half	docs/language-contract-benchmark/conversations/inputs.tsv:60009	tai
poj	poj-conversation-taiwanese-basic	half	docs/language-contract-benchmark/conversations/inputs.tsv:56042	itehbeksiongi
poj	poj-conversation-taiwanese-basic	half	docs/language-contract-benchmark/conversations/inputs.tsv:60805	s
poj	poj-conversation-taiwanese-basic	half	docs/language-contract-benchmark/conversations/inputs.tsv:48509	ch
poj	poj-conversation-taiwanese-basic	half	docs/language-contract-benchmark/conversations/inputs.tsv:49138	ihianch
poj	poj-conversation-taiwanese-basic	half	docs/language-contract-benchmark/conversations/inputs.tsv:47403	naboehchhamkapisaik
poj	poj-conversation-taiwanese-basic	half	docs/language-contract-benchmark/conversations/inputs.tsv:48773	sinsengtngekangsulong
poj	poj-conversation-taiwanese-basic	initials	docs/language-contract-benchmark/conversations/inputs.tsv:46462	k
poj	poj-conversation-taiwanese-basic	initials	docs/language-contract-benchmark/conversations/inputs.tsv:59367	ceclcgt
poj	poj-conversation-taiwanese-basic	initials	docs/language-contract-benchmark/conversations/inputs.tsv:56210	lt
poj	poj-conversation-taiwanese-basic	initials	docs/language-contract-benchmark/conversations/inputs.tsv:47157	kn
poj	poj-conversation-taiwanese-basic	initials	docs/language-contract-benchmark/conversations/inputs.tsv:55742	bmlcstcce
poj	poj-conversation-taiwanese-basic	initials	docs/language-contract-benchmark/conversations/inputs.tsv:53147	k
poj	poj-conversation-taiwanese-basic	initials	docs/language-contract-benchmark/conversations/inputs.tsv:59701	lkgcnsupb
poj	poj-conversation-taiwanese-basic	initials	docs/language-contract-benchmark/conversations/inputs.tsv:56568	kclehucb
poj	poj-conversation-taiwanese-basic	initials	docs/language-contract-benchmark/conversations/inputs.tsv:58452	g
poj	poj-conversation-taiwanese-basic	initials	docs/language-contract-benchmark/conversations/inputs.tsv:48965	ctctses
poj	poj-conversation-taiwanese-basic	initials	docs/language-contract-benchmark/conversations/inputs.tsv:46190	k
poj	poj-conversation-taiwanese-basic	initials	docs/language-contract-benchmark/conversations/inputs.tsv:55710	gkcphlthb
poj	poj-conversation-taiwanese-basic	initials	docs/language-contract-benchmark/conversations/inputs.tsv:54161	e
poj	poj-conversation-taiwanese-basic	initials	docs/language-contract-benchmark/conversations/inputs.tsv:59757	ta
poj	poj-conversation-taiwanese-basic	initials	docs/language-contract-benchmark/conversations/inputs.tsv:61207	c
poj	poj-conversation-taiwanese-basic	initials	docs/language-contract-benchmark/conversations/inputs.tsv:60951	b
poj	poj-conversation-taiwanese-basic	mixed	docs/language-contract-benchmark/conversations/inputs.tsv:57819	c
poj	poj-conversation-taiwanese-basic	mixed	docs/language-contract-benchmark/conversations/inputs.tsv:54669	igoa
poj	poj-conversation-taiwanese-basic	mixed	docs/language-contract-benchmark/conversations/inputs.tsv:49070	l
poj	poj-conversation-taiwanese-basic	mixed	docs/language-contract-benchmark/conversations/inputs.tsv:52376	gaicchitechipe
poj	poj-conversation-taiwanese-basic	mixed	docs/language-contract-benchmark/conversations/inputs.tsv:54773	ltiohachiauskanl
poj	poj-conversation-taiwanese-basic	mixed	docs/language-contract-benchmark/conversations/inputs.tsv:59050	lchiaheginamtlaiopangstangssai
poj	poj-conversation-taiwanese-basic	mixed	docs/language-contract-benchmark/conversations/inputs.tsv:48808	lukkoantchinssaib
poj	poj-conversation-taiwanese-basic	mixed	docs/language-contract-benchmark/conversations/inputs.tsv:49738	t
poj	poj-conversation-taiwanese-basic	mixed	docs/language-contract-benchmark/conversations/inputs.tsv:54264	klailchhoanekengkchinh
poj	poj-conversation-taiwanese-basic	mixed	docs/language-contract-benchmark/conversations/inputs.tsv:48752	s
poj	poj-conversation-taiwanese-basic	mixed	docs/language-contract-benchmark/conversations/inputs.tsv:58565	k
poj	poj-conversation-taiwanese-basic	mixed	docs/language-contract-benchmark/conversations/inputs.tsv:46065	igakb
poj	poj-conversation-taiwanese-basic	mixed	docs/language-contract-benchmark/conversations/inputs.tsv:48242	p
poj	poj-conversation-taiwanese-basic	mixed	docs/language-contract-benchmark/conversations/inputs.tsv:58813	cegnacjittkuinpaic
poj	poj-conversation-taiwanese-basic	mixed	docs/language-contract-benchmark/conversations/inputs.tsv:53665	isooklangtaiapatlchhincaikti
poj	poj-conversation-taiwanese-basic	mixed	docs/language-contract-benchmark/conversations/inputs.tsv:59502	c
poj	poj-conversation-taiwanese-basic	neighbor	docs/language-contract-benchmark/conversations/inputs.tsv:56780	bikokkapsoolianbotehnooek
poj	poj-conversation-taiwanese-basic	neighbor	docs/language-contract-benchmark/conversations/inputs.tsv:57184	lhi
poj	poj-conversation-taiwanese-basic	neighbor	docs/language-contract-benchmark/conversations/inputs.tsv:61686	vhin
poj	poj-conversation-taiwanese-basic	neighbor	docs/language-contract-benchmark/conversations/inputs.tsv:47257	taipanoe
poj	poj-conversation-taiwanese-basic	neighbor	docs/language-contract-benchmark/conversations/inputs.tsv:59481	linchitlepaisitsipkuitiancheng
poj	poj-conversation-taiwanese-basic	neighbor	docs/language-contract-benchmark/conversations/inputs.tsv:54046	laubuelaupekiochogpakong
poj	poj-conversation-taiwanese-basic	neighbor	docs/language-contract-benchmark/conversations/inputs.tsv:61226	r
poj	poj-conversation-taiwanese-basic	neighbor	docs/language-contract-benchmark/conversations/inputs.tsv:52052	vhiah
poj	poj-conversation-taiwanese-basic	neighbor	docs/language-contract-benchmark/conversations/inputs.tsv:56953	chhiunmuihoohongthaiphahtokhi
poj	poj-conversation-taiwanese-basic	neighbor	docs/language-contract-benchmark/conversations/inputs.tsv:49463	besinittengaophahphoa
poj	poj-conversation-taiwanese-basic	neighbor	docs/language-contract-benchmark/conversations/inputs.tsv:57941	hityiaulooechiunnbe
poj	poj-conversation-taiwanese-basic	neighbor	docs/language-contract-benchmark/conversations/inputs.tsv:52595	chish
poj	poj-conversation-taiwanese-basic	neighbor	docs/language-contract-benchmark/conversations/inputs.tsv:49073	kiau
poj	poj-conversation-taiwanese-basic	neighbor	docs/language-contract-benchmark/conversations/inputs.tsv:55968	chhithunchilakorchjithunlak
poj	poj-conversation-taiwanese-basic	neighbor	docs/language-contract-benchmark/conversations/inputs.tsv:60835	lirsimpuuchionglibo
poj	poj-conversation-taiwanese-basic	neighbor	docs/language-contract-benchmark/conversations/inputs.tsv:54561	lsi
poj	poj-conversation-taiwanese-basic	omission	docs/language-contract-benchmark/conversations/inputs.tsv:47384	ho
poj	poj-conversation-taiwanese-basic	omission	docs/language-contract-benchmark/conversations/inputs.tsv:54983	ngbanglikoannkinkakchhinn
poj	poj-conversation-taiwanese-basic	omission	docs/language-contract-benchmark/conversations/inputs.tsv:48045	phahphoamtatsanhunchinn
poj	poj-conversation-taiwanese-basic	omission	docs/language-contract-benchmark/conversations/inputs.tsv:53372	o
poj	poj-conversation-taiwanese-basic	omission	docs/language-contract-benchmark/conversations/inputs.tsv:60189	chun
poj	poj-conversation-taiwanese-basic	omission	docs/language-contract-benchmark/conversations/inputs.tsv:51829	hiok
poj	poj-conversation-taiwanese-basic	omission	docs/language-contract-benchmark/conversations/inputs.tsv:46137	chitpoansihichhi
poj	poj-conversation-taiwanese-basic	omission	docs/language-contract-benchmark/conversations/inputs.tsv:53364	taioanbolunsimmihsoochaitouthoanhoan
poj	poj-conversation-taiwanese-basic	omission	docs/language-contract-benchmark/conversations/inputs.tsv:46169	chitelangiaulengchiho
poj	poj-conversation-taiwanese-basic	omission	docs/language-contract-benchmark/conversations/inputs.tsv:54345	goaboehhamlkhi
poj	poj-conversation-taiwanese-basic	omission	docs/language-contract-benchmark/conversations/inputs.tsv:46043	chesichiigoaetaichi
poj	poj-conversation-taiwanese-basic	omission	docs/language-contract-benchmark/conversations/inputs.tsv:51765	iu
poj	poj-conversation-taiwanese-basic	omission	docs/language-contract-benchmark/conversations/inputs.tsv:60954	o
poj	poj-conversation-taiwanese-basic	omission	docs/language-contract-benchmark/conversations/inputs.tsv:47432	cin
poj	poj-conversation-taiwanese-basic	omission	docs/language-contract-benchmark/conversations/inputs.tsv:47949	thiachuchinthiannsekanlang
poj	poj-conversation-taiwanese-basic	omission	docs/language-contract-benchmark/conversations/inputs.tsv:59252	khchui
poj	poj-conversation-taiwanese-basic	three-quarter	docs/language-contract-benchmark/conversations/inputs.tsv:57012	lichhittholiauk
poj	poj-conversation-taiwanese-basic	three-quarter	docs/language-contract-benchmark/conversations/inputs.tsv:49418	san
poj	poj-conversation-taiwanese-basic	three-quarter	docs/language-contract-benchmark/conversations/inputs.tsv:49171	chitpunchhehgoaikength
poj	poj-conversation-taiwanese-basic	three-quarter	docs/language-contract-benchmark/conversations/inputs.tsv:56759	likhikhoanniauumip
poj	poj-conversation-taiwanese-basic	three-quarter	docs/language-contract-benchmark/conversations/inputs.tsv:48854	iukapgoaakc
poj	poj-conversation-taiwanese-basic	three-quarter	docs/language-contract-benchmark/conversations/inputs.tsv:53296	goaegooloksikhoanntianiannk
poj	poj-conversation-taiwanese-basic	three-quarter	docs/language-contract-benchmark/conversations/inputs.tsv:58284	hautiunnhoatpiauaujitkhiboehhon
poj	poj-conversation-taiwanese-basic	three-quarter	docs/language-contract-benchmark/conversations/inputs.tsv:46405	hoekohkhahsuii
poj	poj-conversation-taiwanese-basic	three-quarter	docs/language-contract-benchmark/conversations/inputs.tsv:51052	goaboehkalinsoehbengsengbo
poj	poj-conversation-taiwanese-basic	three-quarter	docs/language-contract-benchmark/conversations/inputs.tsv:45721	chiahauehiaetio
poj	poj-conversation-taiwanese-basic	three-quarter	docs/language-contract-benchmark/conversations/inputs.tsv:52246	mthangkantannkhoannlangegoakoanlaikoatteng
poj	poj-conversation-taiwanese-basic	three-quarter	docs/language-contract-benchmark/conversations/inputs.tsv:56655	kho
poj	poj-conversation-taiwanese-basic	three-quarter	docs/language-contract-benchmark/conversations/inputs.tsv:49688	ka
poj	poj-conversation-taiwanese-basic	three-quarter	docs/language-contract-benchmark/conversations/inputs.tsv:46253	s
poj	poj-conversation-taiwanese-basic	three-quarter	docs/language-contract-benchmark/conversations/inputs.tsv:52262	chaboolangsiophahengc
poj	poj-conversation-taiwanese-basic	three-quarter	docs/language-contract-benchmark/conversations/inputs.tsv:54270	chi
poj	poj-conversation-taiwanese-basic	transpose	docs/language-contract-benchmark/conversations/inputs.tsv:51732	il
poj	poj-conversation-taiwanese-basic	transpose	docs/language-contract-benchmark/conversations/inputs.tsv:59267	gua
poj	poj-conversation-taiwanese-basic	transpose	docs/language-contract-benchmark/conversations/inputs.tsv:61201	chhiannlikagonahausinnchomoelang
poj	poj-conversation-taiwanese-basic	transpose	docs/language-contract-benchmark/conversations/inputs.tsv:57174	hcitkengchhiakhoohoolibauhkhiaikuiechinn
poj	poj-conversation-taiwanese-basic	transpose	docs/language-contract-benchmark/conversations/inputs.tsv:47335	chhiann
poj	poj-conversation-taiwanese-basic	transpose	docs/language-contract-benchmark/conversations/inputs.tsv:52998	hcitehoekansihuie
poj	poj-conversation-taiwanese-basic	transpose	docs/language-contract-benchmark/conversations/inputs.tsv:61628	chitkhotiohaiamkikhliai
poj	poj-conversation-taiwanese-basic	transpose	docs/language-contract-benchmark/conversations/inputs.tsv:46360	tiaoaneonglaichinhochiah
poj	poj-conversation-taiwanese-basic	transpose	docs/language-contract-benchmark/conversations/inputs.tsv:51366	kahh
poj	poj-conversation-taiwanese-basic	transpose	docs/language-contract-benchmark/conversations/inputs.tsv:56347	patlangephoemthnagkalanglikhui
poj	poj-conversation-taiwanese-basic	transpose	docs/language-contract-benchmark/conversations/inputs.tsv:58806	ijpbun
poj	poj-conversation-taiwanese-basic	transpose	docs/language-contract-benchmark/conversations/inputs.tsv:48785	akmtok
poj	poj-conversation-taiwanese-basic	transpose	docs/language-contract-benchmark/conversations/inputs.tsv:50760	il
poj	poj-conversation-taiwanese-basic	transpose	docs/language-contract-benchmark/conversations/inputs.tsv:48721	ntge
poj	poj-conversation-taiwanese-basic	transpose	docs/language-contract-benchmark/conversations/inputs.tsv:48641	smilai
poj	poj-conversation-taiwanese-basic	transpose	docs/language-contract-benchmark/conversations/inputs.tsv:47439	singitiohthakhooske
poj	poj-retrieval	full	docs/language-contract-benchmark/inputs.tsv:3766	kngkhilai
poj	poj-retrieval	full	docs/language-contract-benchmark/inputs.tsv:3878	chiapkut
poj	poj-retrieval	full	docs/language-contract-benchmark/inputs.tsv:3683	takpai
poj	poj-retrieval	full	docs/language-contract-benchmark/inputs.tsv:3783	ichingauchosann
poj	poj-retrieval	full	docs/language-contract-benchmark/inputs.tsv:3809	khongchu
poj	poj-retrieval	full	docs/language-contract-benchmark/inputs.tsv:3704	hoe
poj	poj-retrieval	full	docs/language-contract-benchmark/inputs.tsv:3851	hainnchhianchhiu
poj	poj-retrieval	full	docs/language-contract-benchmark/inputs.tsv:3854	kootiam
poj	poj-retrieval	half	docs/language-contract-benchmark/inputs.tsv:3624	poann
poj	poj-retrieval	half	docs/language-contract-benchmark/inputs.tsv:3885	li
poj	poj-retrieval	half	docs/language-contract-benchmark/inputs.tsv:3550	ti
poj	poj-retrieval	half	docs/language-contract-benchmark/inputs.tsv:3693	chu
poj	poj-retrieval	half	docs/language-contract-benchmark/inputs.tsv:3717	p
poj	poj-retrieval	half	docs/language-contract-benchmark/inputs.tsv:3562	phinh
poj	poj-retrieval	half	docs/language-contract-benchmark/inputs.tsv:3583	p
poj	poj-retrieval	half	docs/language-contract-benchmark/inputs.tsv:3621	khu
poj	poj-retrieval	transpose	docs/language-contract-benchmark/inputs.tsv:3735	api
poj	poj-retrieval	transpose	docs/language-contract-benchmark/inputs.tsv:3715	pitnoann
poj	poj-retrieval	transpose	docs/language-contract-benchmark/inputs.tsv:3643	jimnia
poj	poj-retrieval	transpose	docs/language-contract-benchmark/inputs.tsv:3726	sitthebian
poj	poj-retrieval	transpose	docs/language-contract-benchmark/inputs.tsv:3820	bopoannhnag
poj	poj-retrieval	transpose	docs/language-contract-benchmark/inputs.tsv:3901	thnin
poj	poj-retrieval	transpose	docs/language-contract-benchmark/inputs.tsv:3765	cihahchiuchui
poj	poj-retrieval	transpose	docs/language-contract-benchmark/inputs.tsv:3599	ilkai
poj	poj-source	full	docs/language-contract-benchmark/inputs.tsv:21327	hai2kiapliong2gan7hok8bu7boo7ek8hiap8gi7
poj	poj-source	full	docs/language-contract-benchmark/inputs.tsv:17179	chittuchinn
poj	poj-source	full	docs/language-contract-benchmark/inputs.tsv:19339	tuichhe
poj	poj-source	full	docs/language-contract-benchmark/inputs.tsv:20599	pun3so3siunn
poj	poj-source	full	docs/language-contract-benchmark/inputs.tsv:15863	hoo7pinn5
poj	poj-source	full	docs/language-contract-benchmark/inputs.tsv:14627	punkhapunchhiu
poj	poj-source	full	docs/language-contract-benchmark/inputs.tsv:15447	onglai
poj	poj-source	full	docs/language-contract-benchmark/inputs.tsv:20167	kachhiam
poj	poj-source	full	docs/language-contract-benchmark/inputs.tsv:15235	khithau
poj	poj-source	full	docs/language-contract-benchmark/inputs.tsv:18763	chhihsiongkho
poj	poj-source	full	docs/language-contract-benchmark/inputs.tsv:20703	oe7khamtit
poj	poj-source	full	docs/language-contract-benchmark/inputs.tsv:14159	si7inn7
poj	poj-source	full	docs/language-contract-benchmark/inputs.tsv:20859	sioche7
poj	poj-source	full	docs/language-contract-benchmark/inputs.tsv:13023	lau5lang5
poj	poj-source	full	docs/language-contract-benchmark/inputs.tsv:18331	ekin
poj	poj-source	full	docs/language-contract-benchmark/inputs.tsv:14371	liau5khe
poj	poj-source	half	docs/language-contract-benchmark/inputs.tsv:19368	che
poj	poj-source	half	docs/language-contract-benchmark/inputs.tsv:21024	choeti
poj	poj-source	half	docs/language-contract-benchmark/inputs.tsv:13800	choa
poj	poj-source	half	docs/language-contract-benchmark/inputs.tsv:14116	kili
poj	poj-source	half	docs/language-contract-benchmark/inputs.tsv:15220	choa
poj	poj-source	half	docs/language-contract-benchmark/inputs.tsv:15552	ang5
poj	poj-source	half	docs/language-contract-benchmark/inputs.tsv:13944	gek
poj	poj-source	half	docs/language-contract-benchmark/inputs.tsv:14164	engbul
poj	poj-source	half	docs/language-contract-benchmark/inputs.tsv:16044	ke
poj	poj-source	half	docs/language-contract-benchmark/inputs.tsv:17076	am3ch
poj	poj-source	half	docs/language-contract-benchmark/inputs.tsv:19520	lau
poj	poj-source	half	docs/language-contract-benchmark/inputs.tsv:19692	kia
poj	poj-source	half	docs/language-contract-benchmark/inputs.tsv:20924	hiam
poj	poj-source	half	docs/language-contract-benchmark/inputs.tsv:17928	he
poj	poj-source	half	docs/language-contract-benchmark/inputs.tsv:21572	phahhooliahchhati
poj	poj-source	half	docs/language-contract-benchmark/inputs.tsv:19748	hoo
poj	poj-source	initials	docs/language-contract-benchmark/inputs.tsv:19249	kkts
poj	poj-source	initials	docs/language-contract-benchmark/inputs.tsv:19501	ltk
poj	poj-source	initials	docs/language-contract-benchmark/inputs.tsv:21253	ccsbpkcgt
poj	poj-source	initials	docs/language-contract-benchmark/inputs.tsv:19513	ktb
poj	poj-source	initials	docs/language-contract-benchmark/inputs.tsv:16441	uh
poj	poj-source	initials	docs/language-contract-benchmark/inputs.tsv:18677	kkt
poj	poj-source	initials	docs/language-contract-benchmark/inputs.tsv:15869	gl
poj	poj-source	initials	docs/language-contract-benchmark/inputs.tsv:14073	ccg
poj	poj-source	initials	docs/language-contract-benchmark/inputs.tsv:18185	jc
poj	poj-source	initials	docs/language-contract-benchmark/inputs.tsv:20757	cck
poj	poj-source	initials	docs/language-contract-benchmark/inputs.tsv:19589	pt
poj	poj-source	initials	docs/language-contract-benchmark/inputs.tsv:17181	ctc
poj	poj-source	initials	docs/language-contract-benchmark/inputs.tsv:20373	hi
poj	poj-source	initials	docs/language-contract-benchmark/inputs.tsv:21485	tlcgcbbbk
poj	poj-source	initials	docs/language-contract-benchmark/inputs.tsv:18349	hh
poj	poj-source	initials	docs/language-contract-benchmark/inputs.tsv:17033	icit
poj	poj-source	mixed	docs/language-contract-benchmark/inputs.tsv:20102	btai7bchi3
poj	poj-source	mixed	docs/language-contract-benchmark/inputs.tsv:18706	tsi
poj	poj-source	mixed	docs/language-contract-benchmark/inputs.tsv:19102	hkhauc
poj	poj-source	mixed	docs/language-contract-benchmark/inputs.tsv:18558	ktian
poj	poj-source	mixed	docs/language-contract-benchmark/inputs.tsv:14106	pmih
poj	poj-source	mixed	docs/language-contract-benchmark/inputs.tsv:14234	pboet
poj	poj-source	mixed	docs/language-contract-benchmark/inputs.tsv:16566	kliah
poj	poj-source	mixed	docs/language-contract-benchmark/inputs.tsv:20218	slip8
poj	poj-source	mixed	docs/language-contract-benchmark/inputs.tsv:19498	sgok8
poj	poj-source	mixed	docs/language-contract-benchmark/inputs.tsv:17914	cpiat
poj	poj-source	mixed	docs/language-contract-benchmark/inputs.tsv:21538	tlam5cbi2skoan2jkoan2
poj	poj-source	mixed	docs/language-contract-benchmark/inputs.tsv:17050	kgi7kkhu
poj	poj-source	mixed	docs/language-contract-benchmark/inputs.tsv:15254	tsil
poj	poj-source	mixed	docs/language-contract-benchmark/inputs.tsv:15314	tsannakhoo3
poj	poj-source	mixed	docs/language-contract-benchmark/inputs.tsv:20902	lpenn
poj	poj-source	mixed	docs/language-contract-benchmark/inputs.tsv:13262	ctek
taiwan	zh-essay	full	docs/language-contract-benchmark/inputs.tsv:1654	ershiba
taiwan	zh-essay	full	docs/language-contract-benchmark/inputs.tsv:1274	yuanzhuminzuwenxian
taiwan	zh-essay	full	docs/language-contract-benchmark/inputs.tsv:2924	gongtongjiegoushi
taiwan	zh-essay	full	docs/language-contract-benchmark/inputs.tsv:1269	yizhongshibatadangchengyaoyuan
taiwan	zh-essay	full	docs/language-contract-benchmark/inputs.tsv:2449	taiwanshengwuduoyangxingziliaoku
taiwan	zh-essay	full	docs/language-contract-benchmark/inputs.tsv:2614	gujianzhu
taiwan	zh-essay	full	docs/language-contract-benchmark/inputs.tsv:2529	xiexiepingshen
taiwan	zh-essay	full	docs/language-contract-benchmark/inputs.tsv:1424	shuihouchunyi
taiwan	zh-essay	full	docs/language-contract-benchmark/inputs.tsv:1789	waicheng
taiwan	zh-essay	full	docs/language-contract-benchmark/inputs.tsv:2049	benwenbushiyonggaipaiming
taiwan	zh-essay	full	docs/language-contract-benchmark/inputs.tsv:1504	yuezhongguozaiquxiao
taiwan	zh-essay	full	docs/language-contract-benchmark/inputs.tsv:2809	jiuzhongzhiweizhong
taiwan	zh-essay	full	docs/language-contract-benchmark/inputs.tsv:1419	jiaoyinjinrongkonggugufenyouxiangongsi
taiwan	zh-essay	full	docs/language-contract-benchmark/inputs.tsv:3149	yimatongyong
taiwan	zh-essay	full	docs/language-contract-benchmark/inputs.tsv:2304	yirenaidaobushe
taiwan	zh-essay	full	docs/language-contract-benchmark/inputs.tsv:3054	jingliren
taiwan	zh-essay	half	docs/language-contract-benchmark/inputs.tsv:1725	wen
taiwan	zh-essay	half	docs/language-contract-benchmark/inputs.tsv:1145	tushui
taiwan	zh-essay	half	docs/language-contract-benchmark/inputs.tsv:1270	yizhongshibatad
taiwan	zh-essay	half	docs/language-contract-benchmark/inputs.tsv:2930	zhonggongzho
taiwan	zh-essay	half	docs/language-contract-benchmark/inputs.tsv:1580	youtongyij
taiwan	zh-essay	half	docs/language-contract-benchmark/inputs.tsv:1115	cezh
taiwan	zh-essay	half	docs/language-contract-benchmark/inputs.tsv:1820	youxueguohangjingying
taiwan	zh-essay	half	docs/language-contract-benchmark/inputs.tsv:1290	zuxianjiyiyuw
taiwan	zh-essay	half	docs/language-contract-benchmark/inputs.tsv:1685	neijiataish
taiwan	zh-essay	half	docs/language-contract-benchmark/inputs.tsv:1635	ribenzhimi
taiwan	zh-essay	half	docs/language-contract-benchmark/inputs.tsv:2670	ximurongguan
taiwan	zh-essay	half	docs/language-contract-benchmark/inputs.tsv:2070	rihaiyuntong
taiwan	zh-essay	half	docs/language-contract-benchmark/inputs.tsv:3060	cheng
taiwan	zh-essay	half	docs/language-contract-benchmark/inputs.tsv:1465	taishanghaiwa
taiwan	zh-essay	half	docs/language-contract-benchmark/inputs.tsv:1515	shitaiwanzaiyin
taiwan	zh-essay	half	docs/language-contract-benchmark/inputs.tsv:2100	tongguans
taiwan	zh-essay	initials	docs/language-contract-benchmark/inputs.tsv:1451	zfjkz
taiwan	zh-essay	initials	docs/language-contract-benchmark/inputs.tsv:2121	tn
taiwan	zh-essay	initials	docs/language-contract-benchmark/inputs.tsv:2696	stzj
taiwan	zh-essay	initials	docs/language-contract-benchmark/inputs.tsv:3046	djt
taiwan	zh-essay	initials	docs/language-contract-benchmark/inputs.tsv:2181	ymy
taiwan	zh-essay	initials	docs/language-contract-benchmark/inputs.tsv:1081	wjbk
taiwan	zh-essay	initials	docs/language-contract-benchmark/inputs.tsv:3041	rdjcl
taiwan	zh-essay	initials	docs/language-contract-benchmark/inputs.tsv:1386	bd
taiwan	zh-essay	initials	docs/language-contract-benchmark/inputs.tsv:1271	yzsbtdcyy
taiwan	zh-essay	initials	docs/language-contract-benchmark/inputs.tsv:1751	zyhlzz
taiwan	zh-essay	initials	docs/language-contract-benchmark/inputs.tsv:1321	dscsryc
taiwan	zh-essay	initials	docs/language-contract-benchmark/inputs.tsv:1681	twbrg
taiwan	zh-essay	initials	docs/language-contract-benchmark/inputs.tsv:2131	nccg
taiwan	zh-essay	initials	docs/language-contract-benchmark/inputs.tsv:2501	rqztbpt
taiwan	zh-essay	initials	docs/language-contract-benchmark/inputs.tsv:2456	czhbbhczcrd
taiwan	zh-essay	initials	docs/language-contract-benchmark/inputs.tsv:1991	lcyxgds
taiwan	zh-essay	mixed	docs/language-contract-benchmark/inputs.tsv:3157	jkouzfuz
taiwan	zh-essay	mixed	docs/language-contract-benchmark/inputs.tsv:2182	ymeiy
taiwan	zh-essay	mixed	docs/language-contract-benchmark/inputs.tsv:1867	ydenglweijlongslisjianz
taiwan	zh-essay	mixed	docs/language-contract-benchmark/inputs.tsv:2057	tyid
taiwan	zh-essay	mixed	docs/language-contract-benchmark/inputs.tsv:2977	gtaibzaicdumlings
taiwan	zh-essay	mixed	docs/language-contract-benchmark/inputs.tsv:1772	hlong
taiwan	zh-essay	mixed	docs/language-contract-benchmark/inputs.tsv:3047	djint
taiwan	zh-essay	mixed	docs/language-contract-benchmark/inputs.tsv:1702	zyuzyou
taiwan	zh-essay	mixed	docs/language-contract-benchmark/inputs.tsv:2622	jshanydai
taiwan	zh-essay	mixed	docs/language-contract-benchmark/inputs.tsv:1307	blianx
taiwan	zh-essay	mixed	docs/language-contract-benchmark/inputs.tsv:3102	twanzrenkcai
taiwan	zh-essay	mixed	docs/language-contract-benchmark/inputs.tsv:2412	gjugjizranbhulmeng
taiwan	zh-essay	mixed	docs/language-contract-benchmark/inputs.tsv:1552	rerxzhityangqxi
taiwan	zh-essay	mixed	docs/language-contract-benchmark/inputs.tsv:2132	nchancguo
taiwan	zh-essay	mixed	docs/language-contract-benchmark/inputs.tsv:2022	rguozkantzieyuwxiaoe
taiwan	zh-essay	mixed	docs/language-contract-benchmark/inputs.tsv:1967	twanghua
taiwan	zh-essay	transpose	docs/language-contract-benchmark/inputs.tsv:1898	jishijisuhjinbu
taiwan	zh-essay	transpose	docs/language-contract-benchmark/inputs.tsv:1198	piaolui
taiwan	zh-essay	transpose	docs/language-contract-benchmark/inputs.tsv:1973	jinruchengiy
taiwan	zh-essay	transpose	docs/language-contract-benchmark/inputs.tsv:2063	gaoije
taiwan	zh-essay	transpose	docs/language-contract-benchmark/inputs.tsv:2858	jinrogn
taiwan	zh-essay	transpose	docs/language-contract-benchmark/inputs.tsv:1708	shijiannuomijinapoyue
taiwan	zh-essay	transpose	docs/language-contract-benchmark/inputs.tsv:1638	ribnezhiminzhengfuzai
taiwan	zh-essay	transpose	docs/language-contract-benchmark/inputs.tsv:2598	suiqingnain
taiwan	zh-essay	transpose	docs/language-contract-benchmark/inputs.tsv:2658	yuoyishouge
taiwan	zh-essay	transpose	docs/language-contract-benchmark/inputs.tsv:2123	tonngian
taiwan	zh-essay	transpose	docs/language-contract-benchmark/inputs.tsv:1988	zhengfguuihuachenggong
taiwan	zh-essay	transpose	docs/language-contract-benchmark/inputs.tsv:1188	niasnhouban
taiwan	zh-essay	transpose	docs/language-contract-benchmark/inputs.tsv:1383	kyeu
taiwan	zh-essay	transpose	docs/language-contract-benchmark/inputs.tsv:1213	obkelai
taiwan	zh-essay	transpose	docs/language-contract-benchmark/inputs.tsv:1468	taihsanghaiwaitouzigaofeng
taiwan	zh-essay	transpose	docs/language-contract-benchmark/inputs.tsv:2853	tongyfienjiluyezhichu
japanese	phone-replay	typing	docs/japanese-provider-integration/stream.jsonl.gz:5	tadas
japanese	phone-replay	typing	docs/japanese-provider-integration/stream.jsonl.gz:21	tadasunahamawoarukima
japanese	phone-replay	typing	docs/japanese-provider-integration/stream.jsonl.gz:37	nipponkaino
japanese	phone-replay	typing	docs/japanese-provider-integration/stream.jsonl.gz:53	nipponkainotoretatenoosakan
japanese	phone-replay	typing	docs/japanese-provider-integration/stream.jsonl.gz:69	nipponkainotoretatenoosakanagaoishiikatoomo
japanese	phone-replay	typing	docs/japanese-provider-integration/stream.jsonl.gz:85	kashikomari
japanese	phone-replay	typing	docs/japanese-provider-integration/stream.jsonl.gz:101	kashikoma
japanese	phone-replay	typing	docs/japanese-provider-integration/stream.jsonl.gz:117	kodomor
japanese	phone-replay	typing	docs/japanese-provider-integration/stream.jsonl.gz:133	kodomoryoukingatekiyous
japanese	phone-replay	typing	docs/japanese-provider-integration/stream.jsonl.gz:149	kashi
japanese	phone-replay	typing	docs/japanese-provider-integration/stream.jsonl.gz:165	kou
japanese	phone-replay	typing	docs/japanese-provider-integration/stream.jsonl.gz:181	kousoukaihaikagades
japanese	phone-replay	typing	docs/japanese-provider-integration/stream.jsonl.gz:197	ikanogokibo
japanese	phone-replay	typing	docs/japanese-provider-integration/stream.jsonl.gz:213	ikanogokiboujoukenniauoyado
japanese	phone-replay	typing	docs/japanese-provider-integration/stream.jsonl.gz:229	ikanogokiboujoukenniauoyadowoosagashiitashi
japanese	phone-replay	typing	docs/japanese-provider-integration/stream.jsonl.gz:245	sore
japanese	phone-replay	typing	docs/japanese-provider-integration/stream.jsonl.gz:261	ons
japanese	phone-replay	typing	docs/japanese-provider-integration/stream.jsonl.gz:277	onsentsukinooyadowo
japanese	phone-replay	typing	docs/japanese-provider-integration/stream.jsonl.gz:293	onsentsukinooyadowooshirabeitashima
japanese	phone-replay	typing	docs/japanese-provider-integration/stream.jsonl.gz:309	gokibouhagozai
japanese	phone-replay	typing	docs/japanese-provider-integration/stream.jsonl.gz:325	kash
japanese	phone-replay	typing	docs/japanese-provider-integration/stream.jsonl.gz:341	do
japanese	phone-replay	typing	docs/japanese-provider-integration/stream.jsonl.gz:357	donoyounajoukenwog
japanese	phone-replay	typing	docs/japanese-provider-integration/stream.jsonl.gz:373	ka
japanese	phone-replay	typing	docs/japanese-provider-integration/stream.jsonl.gz:389	kyoutoshin
japanese	phone-replay	typing	docs/japanese-provider-integration/stream.jsonl.gz:405	kyoutoshinaideosagashiitas
japanese	phone-replay	typing	docs/japanese-provider-integration/stream.jsonl.gz:421	yoroshikuo
japanese	phone-replay	typing	docs/japanese-provider-integration/stream.jsonl.gz:437	ikis
japanese	phone-replay	typing	docs/japanese-provider-integration/stream.jsonl.gz:453	ikisakihashizuokaken
japanese	phone-replay	typing	docs/japanese-provider-integration/stream.jsonl.gz:469	sho
japanese	phone-replay	typing	docs/japanese-provider-integration/stream.jsonl.gz:485	shouchi
japanese	phone-replay	typing	docs/japanese-provider-integration/stream.jsonl.gz:501	shumih
japanese	phone-replay	typing	docs/japanese-provider-integration/stream.jsonl.gz:517	wat
japanese	phone-replay	typing	docs/japanese-provider-integration/stream.jsonl.gz:533	watakushimosunahama
japanese	phone-replay	typing	docs/japanese-provider-integration/stream.jsonl.gz:549	sounarut
japanese	phone-replay	typing	docs/japanese-provider-integration/stream.jsonl.gz:565	sounarutooyadonohouhaika
japanese	phone-replay	typing	docs/japanese-provider-integration/stream.jsonl.gz:581	sounarutooyadonohouhaikagaitashimashouka
japanese	phone-replay	typing	docs/japanese-provider-integration/stream.jsonl.gz:597	kashikomarimashi
japanese	phone-replay	typing	docs/japanese-provider-integration/stream.jsonl.gz:613	noonsenniha
japanese	phone-replay	typing	docs/japanese-provider-integration/stream.jsonl.gz:629	goshuj
japanese	phone-replay	typing	docs/japanese-provider-integration/stream.jsonl.gz:645	muryouchuush
japanese	phone-replay	typing	docs/japanese-provider-integration/stream.jsonl.gz:661	muryouchuushajougaaruyadowoz
japanese	phone-replay	typing	docs/japanese-provider-integration/stream.jsonl.gz:677	muryouchuushajougaaruyadowozehionegaishimasu
japanese	phone-replay	typing	docs/japanese-provider-integration/stream.jsonl.gz:693	arigatougozaimas
japanese	phone-replay	typing	docs/japanese-provider-integration/stream.jsonl.gz:709	ohayougozaimasu
japanese	phone-replay	typing	docs/japanese-provider-integration/stream.jsonl.gz:725	sekkakuto
japanese	phone-replay	typing	docs/japanese-provider-integration/stream.jsonl.gz:741	sekkakutowadakohandesunod
japanese	phone-replay	typing	docs/japanese-provider-integration/stream.jsonl.gz:757	jikankuraisumah
japanese	phone-replay	typing	docs/japanese-provider-integration/stream.jsonl.gz:773	donoyo
japanese	phone-replay	typing	docs/japanese-provider-integration/stream.jsonl.gz:789	donoyounabashogayorosh
japanese	phone-replay	typing	docs/japanese-provider-integration/stream.jsonl.gz:805	futonnihaitt
japanese	phone-replay	typing	docs/japanese-provider-integration/stream.jsonl.gz:821	souiunogashiyas
japanese	phone-replay	typing	docs/japanese-provider-integration/stream.jsonl.gz:837	me
japanese	phone-replay	typing	docs/japanese-provider-integration/stream.jsonl.gz:853	gokibouhag
japanese	phone-replay	typing	docs/japanese-provider-integration/stream.jsonl.gz:869	gokibouhagozaimasudeshouka
japanese	phone-replay	typing	docs/japanese-provider-integration/stream.jsonl.gz:885	arigatougozai
japanese	phone-replay	typing	docs/japanese-provider-integration/stream.jsonl.gz:901	kowaidesu
japanese	phone-replay	typing	docs/japanese-provider-integration/stream.jsonl.gz:917	ninzuuhaoton
japanese	phone-replay	typing	docs/japanese-provider-integration/stream.jsonl.gz:933	esutenoaruoyado
japanese	phone-replay	typing	docs/japanese-provider-integration/stream.jsonl.gz:949	esutenoaruoyadowooshirabeshimas
japanese	phone-replay	typing	docs/japanese-provider-integration/stream.jsonl.gz:965	ekisu
japanese	phone-replay	typing	docs/japanese-provider-integration/stream.jsonl.gz:981	ekisutorabettotsukino
japanese	phone-replay	typing	docs/japanese-provider-integration/stream.jsonl.gz:997	ekisutorabettotsukinooheyademobettosu
japanese	phone-replay	typing	docs/japanese-provider-integration/stream.jsonl.gz:1013	futaritomoshoug
japanese	phone-replay	typing	docs/japanese-provider-integration/stream.jsonl.gz:1029	hito
japanese	phone-replay	typing	docs/japanese-provider-integration/stream.jsonl.gz:1045	osusumehaarima
japanese	phone-replay	typing	docs/japanese-provider-integration/stream.jsonl.gz:1061	sasuganikon
japanese	phone-replay	typing	docs/japanese-provider-integration/stream.jsonl.gz:1077	ho
japanese	phone-replay	typing	docs/japanese-provider-integration/stream.jsonl.gz:1093	hokanigoyoubouhago
japanese	phone-replay	typing	docs/japanese-provider-integration/stream.jsonl.gz:1109	ganbare
japanese	phone-replay	typing	docs/japanese-provider-integration/stream.jsonl.gz:1125	yoroshikuoneg
japanese	phone-replay	typing	docs/japanese-provider-integration/stream.jsonl.gz:1141	otan
japanese	phone-replay	typing	docs/japanese-provider-integration/stream.jsonl.gz:1157	otanjoubinooiwaitoiu
japanese	phone-replay	typing	docs/japanese-provider-integration/stream.jsonl.gz:1173	konnichiha
japanese	phone-replay	typing	docs/japanese-provider-integration/stream.jsonl.gz:1189	narahen
japanese	phone-replay	typing	docs/japanese-provider-integration/stream.jsonl.gz:1205	narahenogoryokoutonokot
japanese	phone-replay	typing	docs/japanese-provider-integration/stream.jsonl.gz:1221	shokujide
japanese	phone-replay	typing	docs/japanese-provider-integration/stream.jsonl.gz:1237	shokujideyuumeinayadogaii
japanese	phone-replay	typing	docs/japanese-provider-integration/stream.jsonl.gz:1253	shou
japanese	phone-replay	typing	docs/japanese-provider-integration/stream.jsonl.gz:1269	shougakuseikougakune
japanese	phone-replay	typing	docs/japanese-provider-integration/stream.jsonl.gz:1285	e
japanese	phone-replay	typing	docs/japanese-provider-integration/stream.jsonl.gz:1301	enteidodeosagashi
