台	灣
台	完
台	萬
台	晚
台	玩
台	網
台	望
台	往
機運送	出
機運送	成
機運送	此
機運送	長
機運送	次
機運送	重
機運送	才
機運送	從
他正躲	在
他正躲	再
他正躲	載
他正躲	災
他正躲	仔
他正躲	栽
他正躲	宰
他正躲	在台
座標	之
座標	誌
座標	只
座標	知
座標	至
座標	制
座標	指
座標	直
非已發	生
非已發	是
非已發	送
非已發	射
非已發	時
非已發	上
非已發	所
非已發	售
以保護	秘密
以保護	密碼
以保護	祕密
以保護	明明
以保護	面貌
以保護	命名
以保護	面目
以保護	瀰漫
規範投	開票所
規範投	開闢
規範投	開跑
規範投	開盤
規範投	開拍
規範投	開票
規範投	開平
規範投	開砲
視為	一名
視為	一幕
視為	一門
視為	以免
視為	一毛
視為	一秒
視為	一面
視為	遊民
報資訊	網
報資訊	望
報資訊	往
報資訊	王
報資訊	忘
報資訊	亡
報資訊	網路
報資訊	旺
島素相	比較
島素相	比較好
島素相	比較多
島素相	比較重
島素相	比較像
島素相	比較的
島素相	比較起來
島素相	比較久
波列夫	變
波列夫	便
波列夫	邊
波列夫	編
波列夫	遍
波列夫	扁
波列夫	辯
波列夫	辨
他在	就
他在	家
他在	其
他在	及
他在	經
他在	機
他在	進
他在	間
當你	看到
當你	看的
當你	看得
當你	看待
當你	刊登
當你	看得到
當你	砍掉
當你	看得出
好看但	不
好看但	部
好看但	本
好看但	比
好看但	把
好看但	表
好看但	被
好看但	保
收錄	電影
收錄	電影節
收錄	電影院
收錄	電影界
收錄	電影裡
收錄	電影票
收錄	電影圈
收錄	電影院裡
到臺	灣
到臺	完
到臺	萬
到臺	晚
到臺	玩
到臺	網
到臺	望
到臺	往
求可管	理
求可管	力
求可管	裡
求可管	立
求可管	利
求可管	了
求可管	例
求可管	李
該島還	設有
該島還	社友
該島還	聲優
該島還	省油
該島還	神遊
該島還	生油
該島還	深有
該島還	赦宥
灣漁業	不能
灣漁業	八年
灣漁業	半年
灣漁業	百年
灣漁業	不難
灣漁業	卑南
灣漁業	不耐
灣漁業	本能
聞綜合	報導
聞綜合	報到
聞綜合	寶島
聞綜合	寶刀
聞綜合	刨刀
聞綜合	報導文學
聞綜合	鉋刀
聞綜合	寶刀未老
出口穩	定要
出口穩	定於
出口穩	定義
出口穩	定讞
出口穩	定約
出口穩	定壓
出口穩	訂閱
出口穩	叮咬
必有	關卡
必有	公開
必有	廣闊
必有	各科
必有	關口
必有	顧客
必有	高空
必有	公克
生效	手
生效	受
生效	收
生效	首
生效	授
生效	守
生效	售
生效	熟
在台灣	原來
在台灣	越來
在台灣	娛樂
在台灣	愈來
在台灣	愈來愈
在台灣	雲林
在台灣	原理
在台灣	預料
年鄭成	個
年鄭成	國
年鄭成	功
年鄭成	家
年鄭成	過
年鄭成	公
年鄭成	高
年鄭成	工
通勤者	提供
通勤者	提高
通勤者	提過
通勤者	提供給
通勤者	提綱
通勤者	調高
通勤者	聽過
通勤者	天公
結合	案件
結合	按鍵
結合	安檢
結合	按件
結合	暗箭
結合	按鍵組合
結合	按鍵式
結合	按件計酬
每一棟	老
每一棟	落
每一棟	勞
每一棟	絡
每一棟	老師
每一棟	牢
每一棟	撈
每一棟	老人
但	大家
但	打擊
但	登記
但	動機
但	當局
但	東京
但	多久
但	代價
抗中保	他
抗中保	台
抗中保	天
抗中保	體
抗中保	提
抗中保	題
抗中保	同
抗中保	她
跨越兩	岸
跨越兩	案
跨越兩	安
跨越兩	按
跨越兩	暗
跨越兩	安全
跨越兩	安排
跨越兩	胺
它	看
它	刊
它	看到
它	堪
它	抗
它	砍
它	康
它	勘
記錄	回饋
記錄	會看
記錄	會考
記錄	或可
記錄	戶口
記錄	湖口
記錄	匯款
記錄	花開
限制船	長
限制船	在
限制船	這
限制船	中
限制船	自
限制船	之
限制船	子
限制船	作
且	容
且	榮
且	融
且	容易
且	溶
且	蓉
且	榕
且	戎
務不同	世代
務不同	時代
務不同	十代
務不同	士大夫
務不同	食道癌
務不同	市代會
務不同	十袋
務不同	石埭
恆春半	的
恆春半	大
恆春半	到
恆春半	都
恆春半	地
恆春半	得
恆春半	島
恆春半	對
一段產	一
一段產	業
一段產	有
一段產	以
一段產	要
一段產	也
一段產	於
一段產	與
經	常在
經	長在
經	腸子
經	唱著
經	場主
經	長足
經	廠址
經	長著
距離移	的
距離移	到
距離移	動
距離移	大
距離移	都
距離移	地
距離移	得
距離移	對
任教	的
任教	導
任教	大
任教	到
任教	都
任教	地
任教	得
任教	對
薯藤迅	速
薯藤迅	所
薯藤迅	訴
薯藤迅	素
薯藤迅	蘇
薯藤迅	所以
薯藤迅	縮
薯藤迅	塑
零售及	參與
零售及	產業
零售及	差異
零售及	採用
零售及	創意
零售及	成員
零售及	測驗
零售及	此一
出版品	行
出版品	學
出版品	下
出版品	心
出版品	現
出版品	新
出版品	還
出版品	小
毛	利
毛	理
毛	力
毛	裡
毛	立
毛	了
毛	例
毛	李
完成	第一
完成	電影
完成	第一個
完成	第一次
完成	定義
完成	敵意
完成	第一屆
完成	低音
個新興	時
個新興	是
個新興	十
個新興	事
個新興	實
個新興	市
個新興	提
個新興	使
創	作
創	造
創	在
創	這
創	中
創	自
創	之
創	子
中心	人物
中心	任務
中心	仁武
中心	忍無可忍
中心	人物畫
中心	仁武鄉
中心	仁武區
中心	人無遠慮
人選擇	台
人選擇	太
人選擇	態
人選擇	台灣
人選擇	泰
人選擇	台北
人選擇	胎
人選擇	抬
台語	就
台語	家
台語	其
台語	及
台語	經
台語	機
台語	進
台語	間
國際	會
國際	後
國際	和
國際	好
國際	很
國際	還
國際	行
國際	航
不只蒸	在
不只蒸	這
不只蒸	中
不只蒸	自
不只蒸	之
不只蒸	子
不只蒸	作
不只蒸	主
在賽德	可
在賽德	克
在賽德	會
在賽德	看
在賽德	開
在賽德	可以
在賽德	科
在賽德	考
原文轉	因
原文轉	音
原文轉	引
原文轉	印
原文轉	應
原文轉	銀
原文轉	影
原文轉	因為
特別設	了
特別設	立
特別設	來
特別設	理
特別設	力
特別設	裡
特別設	路
特別設	利
公里加	之
公里加	只
公里加	知
公里加	至
公里加	制
公里加	指
公里加	直
公里加	治
業文章	就
業文章	家
業文章	其
業文章	及
業文章	經
業文章	機
業文章	進
業文章	間
博士論	文
博士論	我
博士論	物
博士論	為
博士論	於
博士論	外
博士論	我們
博士論	無
鬱中年	五金
鬱中年	五家
鬱中年	危機
鬱中年	外交
鬱中年	五經
鬱中年	完結
鬱中年	五級
鬱中年	五件
副	總
副	從
副	總統
副	宗
副	總是
副	綜
副	蹤
副	縱
年	當時
年	都是
年	到時
年	但是
年	都市
年	都說
年	第三
年	大師
台灣書	小
台灣書	寫
台灣書	信
台灣書	學
台灣書	下
台灣書	行
台灣書	心
台灣書	現
戰好幾	灣
戰好幾	完
戰好幾	萬
戰好幾	晚
戰好幾	玩
戰好幾	網
戰好幾	望
戰好幾	往
此共享	市場
此共享	時常
此共享	失常
此共享	十場
此共享	試場
此共享	市場上
此共享	市場經濟
此共享	市場價格
糖蔥界	第一把交椅
糖蔥界	大夜班
糖蔥界	大遠百
糖蔥界	第一步
糖蔥界	第一班
糖蔥界	第一棒
糖蔥界	倒也不
糖蔥界	低音部
得分子	的
得分子	地
得分子	得
得分子	德
得分子	等
得分子	的話
得分子	第二
得分子	的問題
引路透	社
引路透	什
引路透	設
引路透	生
引路透	甚
引路透	攝
引路透	葉
引路透	身
法逆轉	去
法逆轉	其
法逆轉	前
法逆轉	起
法逆轉	期
法逆轉	全
法逆轉	區
法逆轉	將
顯示控	制
顯示控	之
顯示控	只
顯示控	知
顯示控	至
顯示控	指
顯示控	直
顯示控	治
企業界	理想
企業界	留下
企業界	陸續
企業界	流行
企業界	連續
企業界	旅行
企業界	理性
企業界	理學
也討	來自
也討	例子
也討	論者
也討	論戰
也討	留在
也討	論著
也討	論證
也討	粒子
或	年
或	你
或	那
或	能
或	內
或	女
或	兒
或	難
如今成	時代
如今成	使得
如今成	十多
如今成	時段
如今成	適當
如今成	市地
如今成	世代
如今成	師大
岸漁業	從
岸漁業	產
岸漁業	出
岸漁業	成
岸漁業	此
岸漁業	長
岸漁業	次
岸漁業	重
他後來	在
他後來	再
他後來	載
他後來	災
他後來	仔
他後來	栽
他後來	宰
他後來	在台
國台辦	發言人
國台辦	發言
國台辦	發炎
國台辦	發揚
國台辦	方言
國台辦	繁衍
國台辦	放眼
國台辦	發癢
不能	智庫
不能	指控
不能	只看
不能	只可
不能	只靠
不能	只看到
不能	只開
不能	只考
家民航	附近
家民航	飛機
家民航	發覺
家民航	風景
家民航	分局
家民航	佛教
家民航	房間
家民航	附加
少	內部
少	能不
少	南部
少	那邊
少	女伴
少	南北
少	腦部
少	女兵
必能把	由於
必能把	一樣
必能把	音樂
必能把	意義
必能把	也有
必能把	語言
必能把	醫院
必能把	原因
質上立	場
質上立	長
質上立	常
質上立	廠
質上立	唱
質上立	償
質上立	嘗
質上立	場所
們無法	政治
們無法	戰爭
們無法	組織
們無法	最重
們無法	這種
們無法	作者
們無法	最終
們無法	製作
獵風	在
獵風	這
獵風	中
獵風	自
獵風	之
獵風	子
獵風	作
獵風	主
它能造	衛星
它能造	微型
它能造	尾形
它能造	微行
它能造	為幸
它能造	衛星電視
它能造	微星
它能造	衛星導航
要低碳	晶片
要低碳	精品
要低碳	敬佩
要低碳	精闢
要低碳	鏡片
要低碳	晶片組
要低碳	晶片卡
要低碳	精品店
體化的	方向
體化的	方相
體化的	芳香
體化的	方向盤
體化的	方向感
體化的	方向鍵
體化的	方向燈
體化的	芳香劑
個轉折	但是
個轉折	都是
個轉折	第三
個轉折	電視
個轉折	當時
個轉折	都市
個轉折	多少
個轉折	第四
鄉鎮	學
鄉鎮	下
鄉鎮	行
鄉鎮	心
鄉鎮	現
鄉鎮	新
鄉鎮	還
鄉鎮	小
豬	學生
豬	先生
豬	小時
豬	顯示
豬	學術
豬	像是
豬	形式
豬	縣市
特有	生
特有	聲
特有	省
特有	升
特有	勝
特有	盛
特有	聖
特有	剩
加動詞	表示
加動詞	標示
加動詞	標示出
加動詞	表示出
加動詞	表示出來
加動詞	表述
加動詞	標售
加動詞	標上
灣需要	穩定
灣需要	穩定的
灣需要	問鼎
灣需要	穩定性
灣需要	文定
灣需要	穩定下來
灣需要	穩定感
灣需要	穩定劑
費德廉	等
費德廉	登
費德廉	燈
費德廉	鄧
費德廉	瞪
費德廉	等等
費德廉	凳
費德廉	等於
千層	但
千層	單
千層	當
千層	石
千層	擔
千層	彈
千層	蛋
千層	淡
時報新	聞
時報新	我
時報新	為
時報新	於
時報新	文
時報新	外
時報新	我們
時報新	無
年	時
年	是
年	十
年	世
年	事
年	實
年	市
年	提
南路與	仁愛
南路與	忍耐
南路與	仁愛路
南路與	仁愛醫院
南路與	仁愛鄉
南路與	仁愛國小
南路與	仁愛國中
南路與	仁愛區
特別	是
特別	時
特別	十
特別	事
特別	實
特別	市
特別	提
特別	使
清代	官方
清代	關防
清代	官方的
清代	慣防
清代	官方人士
清代	廣泛
清代	光復
清代	慣犯
建了一	個
建了一	各
建了一	格
建了一	個人
建了一	歌
建了一	革
建了一	哥
建了一	更
推動政	黨外
推動政	黨外人士
推動政	黨務
推動政	黨國
推動政	蛋糕
推動政	當晚
推動政	擔綱
推動政	耽擱
年	畢業
年	畢業生
年	必要
年	表演
年	編譯
年	比喻
年	邊緣
年	必要的
全	球
全	求
全	秋
全	邱
全	龜
全	丘
全	仇
全	球員
道平台	正式
道平台	正是
道平台	證實
道平台	徵收
道平台	證書
道平台	正視
道平台	鎮公所
道平台	徵稅
卻使得	杜鵑花
卻使得	杜鵑花城
卻使得	獨居
卻使得	杜鵑
卻使得	獨具
卻使得	杜絕
卻使得	對決
卻使得	斷絕
年	體育
年	天涯
年	體驗
年	天意
年	天佑
年	提議
年	天演
年	田野
作者	什麼
作者	生命
作者	說明
作者	上面
作者	甚麼
作者	市民
作者	書面
作者	數目
次成為	還
次成為	選
次成為	縣
次成為	宣
次成為	旋
次成為	選擇
次成為	懸
次成為	玄
北案例	一
北案例	有
北案例	以
北案例	要
北案例	也
北案例	於
北案例	與
北案例	說
薩諾的	作品
薩諾的	作品集
薩諾的	作品展覽
薩諾的	左派
薩諾的	作嘔
薩諾的	作陪
薩諾的	左旁
薩諾的	做嘔
鍵評論	網
鍵評論	望
鍵評論	往
鍵評論	王
鍵評論	忘
鍵評論	亡
鍵評論	網路
鍵評論	旺
設計局	在
設計局	再
設計局	載
設計局	災
設計局	仔
設計局	在台
設計局	在於
設計局	栽
方登錄	資料
方登錄	這裡
方登錄	治療
方登錄	專利
方登錄	整理
方登錄	做了
方登錄	再來
方登錄	之類
愛國	天下
愛國	特性
愛國	天性
愛國	同學
愛國	天線
愛國	體系
愛國	台下
愛國	提醒
代興起	後
代興起	候
代興起	厚
代興起	后
代興起	猴
代興起	侯
代興起	後來
代興起	喉
下水也	不
下水也	部
下水也	不要
下水也	不會
下水也	不是
下水也	步
下水也	布
下水也	補
在繪畫	上有
在繪畫	商業
在繪畫	上游
在繪畫	上演
在繪畫	上映
在繪畫	上揚
在繪畫	上衣
在繪畫	上癮
今日	新聞
今日	新聞局
今日	新聞系
今日	新聞稿
今日	新聞學
今日	行文
今日	新聞界
今日	新聞部
政府	並無
政府	並無二致
政府	並無不當
政府	並無大礙
政府	並無不可
政府	兵無血刃
政府	並未
政府	餅乾
如果只	看
如果只	刊
如果只	看到
如果只	堪
如果只	抗
如果只	砍
如果只	康
如果只	勘
年也先	後
年也先	行
年也先	會
年也先	和
年也先	好
年也先	很
年也先	還
年也先	合
小蕃	書
小蕃	數
小蕃	術
小蕃	說
小蕃	屬
小蕃	樹
小蕃	署
小蕃	輸
等	的
等	地
等	第
等	底
等	低
等	定
等	電
等	點
髮即可	完成
髮即可	晚餐
髮即可	王朝
髮即可	往常
髮即可	完成後
髮即可	玩出
髮即可	望塵
髮即可	晚餐後
有紀錄	就
有紀錄	九
有紀錄	究
有紀錄	久
有紀錄	酒
有紀錄	舊
有紀錄	救
有紀錄	就是
然保育	書
然保育	數
然保育	術
然保育	說
然保育	屬
然保育	樹
然保育	署
然保育	輸
立法院	在
立法院	之
立法院	長
立法院	正
立法院	這
立法院	中
立法院	自
立法院	子
膜病變	的
膜病變	得
膜病變	地
膜病變	德
膜病變	得到
膜病變	等
膜病變	的話
膜病變	得很
台灣原	住民
台灣原	著名
台灣原	著名的
台灣原	註明
台灣原	注明
台灣原	主名
台灣原	朱明
台灣原	煮茗
深受日	本市
深受日	本事
深受日	本身
深受日	本是
深受日	本省
深受日	本書
深受日	本色
深受日	本生
個工	作
個工	做
個工	昨
個工	座
個工	左
個工	坐
個工	作業
個工	作為
任教	電腦
任教	東尼
任教	多年
任教	當年
任教	東南
任教	都能
任教	黨內
任教	大腦
繁殖分	開
繁殖分	凱
繁殖分	開始
繁殖分	開發
繁殖分	豈
繁殖分	開放
繁殖分	慨
繁殖分	咳
六合夜	是
六合夜	時
六合夜	上
六合夜	所
六合夜	十
六合夜	生
六合夜	說
六合夜	事
是表演	一
是表演	員
是表演	說
是表演	有
是表演	藝
是表演	以
是表演	要
是表演	也
離不超	過
離不超	國
離不超	果
離不超	郭
離不超	國家
離不超	國際
離不超	鍋
離不超	國內
全部有	明文規定
全部有	明文
全部有	名為
全部有	名望
全部有	明王
全部有	明晚
全部有	名古屋
全部有	命為
件發生	是
件發生	時
件發生	上
件發生	所
件發生	十
件發生	生
件發生	說
件發生	事
在農田	更重
在農田	更糟
在農田	更正
在農田	耕作
在農田	更在
在農田	耕種
在農田	更直
在農田	庚子
業署出	不
業署出	版
業署出	並
業署出	寶
業署出	部
業署出	本
業署出	比
業署出	把
樓頂有	天文
樓頂有	天王
樓頂有	天文學
樓頂有	天完
樓頂有	天文台
樓頂有	天文學家
樓頂有	天文館
樓頂有	天物
評鑑	為
評鑑	位
評鑑	委
評鑑	未
評鑑	維
評鑑	味
評鑑	衛
評鑑	謂
蒙名拉	西
蒙名拉	學
蒙名拉	下
蒙名拉	行
蒙名拉	心
蒙名拉	現
蒙名拉	新
蒙名拉	還
不認為	整體
不認為	整天
不認為	政壇
不認為	枕頭
不認為	正統
不認為	陣頭
不認為	偵探
不認為	政體
綠能	分
綠能	份
綠能	紛
綠能	風
綠能	粉
綠能	奮
綠能	氛
綠能	芬
首批	一
首批	有
首批	以
首批	要
首批	也
首批	於
首批	與
首批	說
無	效
無	線
無	限
無	學
無	下
無	行
無	心
無	現
人在	來台
人在	兩天
人在	立體
人在	龍頭
人在	老頭
人在	來聽
人在	老天
人在	裡頭
兩人卻	開
兩人卻	凱
兩人卻	開始
兩人卻	開發
兩人卻	豈
兩人卻	開放
兩人卻	慨
兩人卻	咳
別關注	國
別關注	過
別關注	果
別關注	郭
別關注	國家
別關注	國際
別關注	鍋
別關注	過去
頭是表	演員
頭是表	演藝
頭是表	揚言
頭是表	演繹
頭是表	演藝圈
頭是表	演義
頭是表	揚揚
頭是表	研議
灣書寫	十六
灣書寫	設立
灣書寫	順利
灣書寫	森林
灣書寫	蘇聯
灣書寫	數量
灣書寫	實力
灣書寫	市立
中斷時	如
中斷時	入
中斷時	女
中斷時	如果
中斷時	若
中斷時	乳
中斷時	如何
中斷時	儒
風味	出
風味	成
風味	此
風味	長
風味	次
風味	重
風味	才
風味	從
薯藤市	在
薯藤市	中
薯藤市	政
薯藤市	之
薯藤市	長
薯藤市	主
薯藤市	值
薯藤市	這
前瞻火	車
前瞻火	就
前瞻火	家
前瞻火	其
前瞻火	及
前瞻火	經
前瞻火	機
前瞻火	進
塊香菜	的
塊香菜	大
塊香菜	到
塊香菜	都
塊香菜	地
塊香菜	得
塊香菜	對
塊香菜	多
午節毫	五個
午節毫	無關
午節毫	無辜
午節毫	武功
午節毫	烏龜
午節毫	無故
午節毫	蜈蚣
午節毫	無怪
優秀立	於
優秀立	我
優秀立	為
優秀立	文
優秀立	外
優秀立	我們
優秀立	無
優秀立	問
戰後	人口
戰後	入口
戰後	認可
戰後	人客
戰後	任課
戰後	讓開
戰後	榮枯
戰後	入庫
第一條	快速
第一條	快速的
第一條	快速道路
第一條	快速鍵
第一條	快速球
第一條	快上
第一條	快說
第一條	快手
他	只
他	支
他	之
他	知
他	至
他	制
他	指
他	直
二	十
二	是
二	世
二	手
二	時
二	上
二	所
二	生
疊字名	字
疊字名	自
疊字名	子
疊字名	資
疊字名	自己
疊字名	仔
疊字名	齊
疊字名	滋
全會的	報告
全會的	報告書
全會的	報告案
全會的	報告給
全會的	報告出來
全會的	包括
全會的	保固
全會的	包裹
修復內	容
修復內	榮
修復內	融
修復內	容積
修復內	容易
修復內	容許
修復內	溶
修復內	蓉
公共媒	體
公共媒	提
公共媒	題
公共媒	天
公共媒	替
公共媒	調
公共媒	條
公共媒	聽
等人為	因素
等人為	音速
等人為	銀粟
等人為	音素
等人為	罌粟
等人為	飲食
等人為	隱私
等人為	音色
逾	一起
逾	以前
逾	一切
逾	引起
逾	一千
逾	一群
逾	儀器
逾	一起來
只要求	產生
只要求	措施
只要求	城市
只要求	程式
只要求	從事
只要求	測試
只要求	廠商
只要求	才是
兩天不	到
兩天不	的
兩天不	得
兩天不	大
兩天不	對
兩天不	但
兩天不	斷
兩天不	定
高	校
高	興
高	學
高	下
高	行
高	心
高	現
高	新
藤市值	不
藤市值	部
藤市值	本
藤市值	比
藤市值	把
藤市值	表
藤市值	被
藤市值	保
不是一	長
不是一	張
不是一	章
不是一	障
不是一	掌
不是一	漲
不是一	帳
不是一	彰
人投入	報導
人投入	不得
人投入	不到
人投入	不斷
人投入	不但
人投入	表達
人投入	不多
人投入	別的
具與小	辦
具與小	版
具與小	半
具與小	般
具與小	班
具與小	板
具與小	伴
具與小	扮
要修理	來安
要修理	兩岸
要修理	戀愛
要修理	李敖
要修理	罹癌
要修理	憐愛
要修理	令嬡
要修理	令愛
也討論	這種
也討論	組織
也討論	政治
也討論	作者
也討論	在做
也討論	製作
也討論	著作
也討論	在在
兩條海	的
兩條海	地
兩條海	底
兩條海	第
兩條海	低
兩條海	定
兩條海	電
兩條海	點
下迅速	現
下迅速	先
下迅速	見
下迅速	線
下迅速	縣
下迅速	顯
下迅速	限
下迅速	想
必須先	風情
必須先	分清
必須先	分歧
必須先	分期
必須先	風氣
必須先	風琴
必須先	分錢
必須先	封起
台灣	第一
台灣	電影
台灣	第一個
台灣	定要
台灣	第一次
台灣	定義
台灣	低於
台灣	釣魚
紀錄與	分布
紀錄與	分佈
紀錄與	分部
紀錄與	分不清
紀錄與	分布區
紀錄與	縫補
紀錄與	分佈區
紀錄與	分不開
術研究	機構
術研究	結果
術研究	價格
術研究	經過
術研究	幾個
術研究	結構
術研究	機關
術研究	儘管
連下水	也不
連下水	也不是
連下水	也不會
連下水	也不能
連下水	也不在
連下水	也不到
連下水	夜不閉戶
連下水	因而
另一	方
另一	放
另一	防
另一	房
另一	方面
另一	訪
另一	芳
另一	妨
日	同時
日	同事
日	同聲
日	同是
日	同上
日	通俗
日	同生
日	通識
注入活	是
注入活	水
注入活	時
注入活	上
注入活	所
注入活	十
注入活	生
注入活	說
報告中	進
報告中	間
報告中	加
報告中	幾
報告中	將
報告中	其
報告中	期
報告中	接
日	才對
日	菜單
日	裁定
日	才得
日	踩到
日	才到
日	才多
日	猜到
立委	在
立委	這
立委	中
立委	自
立委	之
立委	子
立委	作
立委	主
蛾目擊	紀錄
蛾目擊	建立
蛾目擊	記錄
蛾目擊	距離
蛾目擊	交流
蛾目擊	經理
蛾目擊	將來
蛾目擊	家裡
如果	自己
如果	最近
如果	增加
如果	直接
如果	之間
如果	資金
如果	專家
如果	逐漸
年	提出
年	天窗
年	剔除
年	踢出
年	跳出
年	提出來
年	貼出
年	挑出
今	日新
今	日下
今	日薪
今	日新月異
今	日新又新
今	日校
今	日夕
今	日息
楊維哲	在
楊維哲	再
楊維哲	載
楊維哲	災
楊維哲	仔
楊維哲	栽
楊維哲	宰
楊維哲	在台
憶補回	了
憶補回	來
憶補回	理
憶補回	力
憶補回	裡
憶補回	立
憶補回	路
憶補回	利
民俗	國外
民俗	顧問
民俗	國王
民俗	國文
民俗	國務
民俗	鼓舞
民俗	古文
民俗	過往
郁婷闖	奧運
郁婷闖	奧運會
郁婷闖	奧運村
郁婷闖	奧運選手
郁婷闖	熬夜
郁婷闖	奧援
郁婷闖	遨遊
郁婷闖	奧義
新聞	工作者
新聞	工作證
新聞	工作
新聞	公眾
新聞	共組
新聞	供作
新聞	工作站
新聞	公族
運	代表
運	大部
運	都不
運	動筆
運	多半
運	東北
運	蛋白
運	第八
們無法	最
們無法	組
們無法	作
們無法	族
們無法	足
們無法	做
們無法	最後
們無法	祖
基氣生	跟
基氣生	根
基氣生	更
基氣生	根據
基氣生	根本
基氣生	更多
基氣生	耕
基氣生	更加
生時他	組織
生時他	在做
生時他	政治
生時他	這種
生時他	作者
生時他	製作
生時他	著作
生時他	真正
美科技	局
美科技	就
美科技	家
美科技	其
美科技	及
美科技	經
美科技	機
美科技	進
但	它是
但	他是
但	她是
但	踏實
但	台視
但	探視
但	態勢
但	唐詩
聲明或	不得
聲明或	不到
聲明或	不斷
聲明或	不但
聲明或	不多
聲明或	報導
聲明或	不對
聲明或	不大
寫	相同
寫	夏天
寫	鄉土
寫	下台
寫	先天
寫	線條
寫	蕭條
寫	相通
又要求	典禮
又要求	電力
又要求	店裡
又要求	電路
又要求	點來
又要求	電量
又要求	電流
又要求	電纜
的農業	經濟
的農業	經濟部
的農業	經濟學
的農業	境界
的農業	經建
的農業	經紀
的農業	警局
的農業	經濟學家
最後一	人
最後一	如
最後一	日
最後一	然
最後一	入
最後一	女
最後一	任
最後一	認
局英文	關
局英文	觀
局英文	管
局英文	官
局英文	館
局英文	光
局英文	慣
局英文	冠
細	節
細	就
細	家
細	其
細	及
細	經
細	機
細	進
裁定最	後
裁定最	好
裁定最	會
裁定最	和
裁定最	很
裁定最	還
裁定最	行
裁定最	合
帶隊	中
帶隊	長
帶隊	這
帶隊	爭
帶隊	戰
帶隊	之
帶隊	主
帶隊	者
收入	非常
收入	發出
收入	付出
收入	廢除
收入	分成
收入	放出
收入	風潮
收入	諷刺
敦南店	中
敦南店	在
敦南店	這
敦南店	自
敦南店	之
敦南店	子
敦南店	作
敦南店	主
最	新版
最	細胞
最	宣布
最	小白
最	性別
最	小便
最	小班
最	小寶
度進入	聖馬利諾
度進入	生命
度進入	聲明
度進入	生命力
度進入	聖母
度進入	聲母
度進入	生民
度進入	生米
年高	雄
年高	兄
年高	熊
年高	胸
年高	兇
年高	凶
年高	洶
年高	兄弟
與	大
與	的
與	電
與	動
與	當
與	第
與	東
與	到
二	十年
二	十年前
二	十年後
二	室內
二	十男
二	市內
二	侍女
二	仕女
整體報	告
整體報	個
整體報	國
整體報	家
整體報	過
整體報	公
整體報	高
整體報	工
東	南亞
東	南洋
東	南一
東	那一
東	難以
東	那樣
東	你要
東	農業
是因為	不
是因為	部
是因為	步
是因為	布
是因為	補
是因為	佈
是因為	捕
是因為	不是
茶藝月	可
茶藝月	會
茶藝月	刊
茶藝月	看
茶藝月	開
茶藝月	可以
茶藝月	科
茶藝月	考
圍牆佈	強硬
圍牆佈	搶眼
圍牆佈	強有力
圍牆佈	牆垣
圍牆佈	強顏
圍牆佈	槍眼
圍牆佈	搶運
圍牆佈	牆緣
需要修	理
需要修	力
需要修	裡
需要修	立
需要修	利
需要修	了
需要修	例
需要修	李
材料利	用
材料利	永
材料利	擁
材料利	用來
材料利	勇
材料利	用戶
材料利	用途
材料利	用於
位博士	誕生
位博士	誕生地
位博士	蛋生雞
位博士	單身貴族
位博士	誕生石
位博士	但是
位博士	當時
位博士	單身
仁堅訪	問
仁堅訪	我
仁堅訪	為
仁堅訪	於
仁堅訪	文
仁堅訪	外
仁堅訪	我們
仁堅訪	無
台中四	我
台中四	為
台中四	於
台中四	文
台中四	外
台中四	我們
台中四	無
台中四	問
歲拿到	的
歲拿到	大
歲拿到	多
歲拿到	地
歲拿到	達
歲拿到	第
歲拿到	當
歲拿到	底
票證基	的
票證基	地
票證基	底
票證基	第
票證基	地方
票證基	低
票證基	定
票證基	電
科學	一起
科學	要求
科學	以前
科學	尤其
科學	一切
科學	引起
科學	一千
科學	有趣
計畫	中小
計畫	這些
計畫	資訊
計畫	中旬
計畫	中興
計畫	主席
計畫	作息
計畫	中縣
他	品質
他	片子
他	片中
他	批准
他	品種
他	憑著
他	偏重
他	憑證
新聞系	教授
新聞系	角色
新聞系	教師
新聞系	教室
新聞系	教書
新聞系	叫聲
新聞系	交涉
新聞系	教士
再不趕	會
再不趕	快
再不趕	塊
再不趕	快樂
再不趕	快速
再不趕	筷
再不趕	檜
再不趕	會計
保留	想要
保留	現有
保留	限於
保留	享有
保留	嫌疑
保留	相遇
保留	現有的
保留	現已
中霧峰	光復
中霧峰	光復節
中霧峰	光復路
中霧峰	光復南路
中霧峰	光復會
中霧峰	光復鄉
中霧峰	光輻射
中霧峰	光復國小
日才定	研
日才定	演
日才定	言
日才定	驗
日才定	眼
日才定	嚴
日才定	樣
日才定	延
斯	灣
斯	為
斯	我
斯	維
斯	王
斯	於
斯	文
斯	外
一個	是
一個	市
一個	私
一個	時
一個	屬
一個	上
一個	所
一個	十
觀光之	研究
觀光之	研究所
觀光之	菸酒
觀光之	研究院
觀光之	煙酒
觀光之	研究員
觀光之	研究生
觀光之	研究室
用系統	他
用系統	台
用系統	天
用系統	體
用系統	提
用系統	題
用系統	同
用系統	她
件到指	定
件到指	訂
件到指	定位
件到指	頂
件到指	定會
件到指	丁
件到指	定要
件到指	定是
小蕃薯	並不
小蕃薯	爸爸
小蕃薯	不必
小蕃薯	版本
小蕃薯	北部
小蕃薯	八百
小蕃薯	寶寶
小蕃薯	不變
最	近
最	具
最	強
最	佳
最	久
最	就
最	家
最	其
年	上市
年	上世
年	上士
年	上石
年	賞識
年	傷勢
年	上古史
年	上市案
際商人	豐富
際商人	紛紛
際商人	分發
際商人	分法
際商人	吩咐
際商人	分分
際商人	奮發
際商人	風範
九合一	選舉
九合一	選輯
九合一	玄機
九合一	選集
九合一	旋即
九合一	選舉權
九合一	選舉制
九合一	選舉制度
年台灣	預測
年台灣	於此
年台灣	月初
年台灣	漁船
年台灣	遠處
年台灣	愚蠢
年台灣	漁村
年台灣	育雛
為社會	主義
為社會	這樣
為社會	中油
為社會	主意
為社會	自由
為社會	重要
為社會	只有
為社會	只要
甘地還	精力
甘地還	建立
甘地還	精靈
甘地還	激勵
甘地還	極力
甘地還	交流
甘地還	經理
甘地還	家裡
所謂	都
所謂	度
所謂	對
所謂	多
所謂	讀
所謂	獨
所謂	毒
所謂	督
灣民主	會
灣民主	後
灣民主	和
灣民主	好
灣民主	很
灣民主	還
灣民主	行
灣民主	合
等	第一
等	地域
等	地緣
等	地院
等	電影
等	第一個
等	定要
等	第一次
是國道	七號
是國道	恰好
是國道	旗號
是國道	求好
是國道	秋毫
是國道	塹壕
是國道	牽好
是國道	侵害
清光緒	十九年
清光緒	十幾年
清光緒	史金納
清光緒	山椒鳥
清光緒	世界
清光緒	時間
清光緒	設計
清光緒	實際
包含淡	是
包含淡	水
包含淡	時
包含淡	上
包含淡	所
包含淡	十
包含淡	生
包含淡	說
智慧	不
智慧	部
智慧	本
智慧	比
智慧	把
智慧	表
智慧	被
智慧	保
多版本	手
多版本	受
多版本	收
多版本	首
多版本	授
多版本	守
多版本	售
多版本	熟
新	戶口
新	湖口
新	回扣
新	虎口
新	糊口
新	餬口
新	活口
新	湖口鄉
唐	年
唐	你
唐	那
唐	能
唐	內
唐	女
唐	兒
唐	難
且具有	一種
且具有	一忠
且具有	倚重
且具有	乙種
且具有	役種
且具有	義塚
且具有	蟻塚
且具有	一中一台
也可	能
也可	能否
也可	能不
也可	能夠
也可	能有
也可	能力
也可	能不能
也可	能幹
製作	出
製作	成
製作	此
製作	長
製作	次
製作	重
製作	才
製作	從
及自然	保育
及自然	抱怨
及自然	暴雨
及自然	鮑魚
及自然	寶玉
及自然	報怨
及自然	保育員
及自然	保育園
本文	是有
本文	使用
本文	是以
本文	是用
本文	十一
本文	實驗
本文	事業
本文	失業
成為新	展出
成為新	戰場
成為新	長出
成為新	站出
成為新	戰車
成為新	章程
成為新	站出來
成為新	長成
華民國	我
華民國	為
華民國	於
華民國	文
華民國	外
華民國	我們
華民國	無
華民國	問
進入中	國
進入中	個
進入中	家
進入中	過
進入中	公
進入中	高
進入中	工
進入中	果
但	工程
但	工程師
但	供稱
但	攻城
但	共乘
但	工程處
但	宮城
但	工程費
潮	之
潮	只
潮	知
潮	至
潮	制
潮	指
潮	直
潮	治
廢紙漿	製造
廢紙漿	製造業
廢紙漿	製造商
廢紙漿	製造出
廢紙漿	製造廠
廢紙漿	織造
廢紙漿	製造出來
廢紙漿	製造者
有	平路
有	平了
有	普羅
有	漂亮
有	評論
有	頻率
有	排列
有	暴露
多棵路	書
多棵路	數
多棵路	術
多棵路	說
多棵路	屬
多棵路	樹
多棵路	署
多棵路	輸
一性與	穩定性
一性與	文大
一性與	穩定
一性與	溫度
一性與	文德
一性與	問的
一性與	問到
一性與	問道
在下	一
在下	有
在下	於
在下	議
在下	由
在下	野
在下	以
在下	要
業可以	全
業可以	將
業可以	去
業可以	其
業可以	前
業可以	起
業可以	期
業可以	區
在	下一個
在	下雨
在	想要
在	校園
在	現有
在	效益
在	下油鍋
在	小魚乾
民主化	方
民主化	放
民主化	防
民主化	房
民主化	訪
民主化	芳
民主化	方式
民主化	妨
為塑質	過去
為塑質	感情
為塑質	歌曲
為塑質	關切
為塑質	公頃
為塑質	鋼琴
為塑質	國旗
為塑質	過期
各建	描
各建	妙
各建	廟
各建	苗
各建	秒
各建	瞄
各建	渺
各建	繆
日	廣
日	括
日	關
日	觀
日	管
日	光
日	掛
日	官
台灣	全家
台灣	全集
台灣	全景
台灣	拳擊
台灣	全軍
台灣	全局
台灣	勸進
台灣	全家福
承諾	其他
承諾	其它
承諾	企圖
承諾	全台
承諾	前提
承諾	全體
承諾	前途
承諾	群體
製程	其
製程	起
製程	期
製程	氣
製程	七
製程	器
製程	企
製程	前
洲自由	民眾
洲自由	民主
洲自由	民族
洲自由	滿足
洲自由	名字
洲自由	馬祖
洲自由	媽祖
洲自由	某種
要發現	報導
要發現	不得
要發現	不到
要發現	不斷
要發現	不但
要發現	表達
要發現	不多
要發現	別的
力不容	需求
力不容	下去
力不容	星期
力不容	興趣
力不容	心情
力不容	學期
力不容	尋求
力不容	想起
台糖	關
台糖	觀
台糖	管
台糖	官
台糖	館
台糖	光
台糖	慣
台糖	冠
人順利	投票
人順利	投票權
人順利	投票率
人順利	投票所
人順利	投票人
人順利	投票表決
人順利	投票數
人順利	投票箱
逐步	沒
逐步	麼
逐步	模
逐步	末
逐步	莫
逐步	摩
逐步	默
逐步	魔
寫	系統
寫	協調
寫	相同
寫	心態
寫	型態
寫	夏天
寫	形態
寫	鄉土
每日	避開
每日	便可
每日	並可
每日	畢卡索
每日	賓客
每日	鼻孔
每日	別開
每日	別看
們仍然	在
們仍然	再
們仍然	載
們仍然	災
們仍然	仔
們仍然	在台
們仍然	在於
們仍然	栽
別人	是
別人	所
別人	生
別人	事
別人	數
別人	時
別人	三
別人	使
年離	婚後
年離	渾厚
年離	混合
年離	昏昏
年離	混混
年離	昏黃
年離	混和
年離	昏黑
美聯	是
美聯	手
美聯	賽
美聯	時
美聯	上
美聯	所
美聯	十
美聯	生
部對抗	中部
部對抗	重病
部對抗	鐘擺
部對抗	鐘錶
部對抗	中部地區
部對抗	中保
部對抗	中班
部對抗	重兵
往	被
往	北
往	備
往	背
往	貝
往	悲
往	輩
往	倍
我能	夠
我能	更
我能	個
我能	國
我能	家
我能	過
我能	公
我能	高
服務的	品質
服務的	平仄
服務的	品種
服務的	平整
服務的	平正
服務的	評傳
服務的	品質獎
服務的	平直
幾乎	沒有
幾乎	貿易
幾乎	美元
幾乎	每一
幾乎	滿意
幾乎	民意
幾乎	面有
幾乎	民營
恰恰	學
恰恰	下
恰恰	行
恰恰	心
恰恰	現
恰恰	新
恰恰	還
恰恰	小
人到達	之
人到達	只
人到達	知
人到達	至
人到達	制
人到達	指
人到達	直
人到達	治
總統府	宣布
總統府	宣佈
總統府	選拔
總統府	選罷法
總統府	選拔賽
總統府	選本
總統府	選播
總統府	選拔會
裹祖父	母
裹祖父	們
裹祖父	沒
裹祖父	麼
裹祖父	民
裹祖父	面
裹祖父	目
裹祖父	美
檢	會
檢	後
檢	和
檢	好
檢	很
檢	還
檢	行
檢	合
翅展可	的
翅展可	達
翅展可	大
翅展可	到
翅展可	都
翅展可	地
翅展可	得
翅展可	對
兩	人世
兩	人士
兩	人事
兩	認識
兩	人師
兩	人時
兩	人氏
兩	人世間
一日義	跑
一日義	泡
一日義	砲
一日義	拋
一日義	炮
一日義	袍
一日義	跑到
一日義	咆
真正由	是
真正由	時
真正由	十
真正由	事
真正由	實
真正由	市
真正由	提
真正由	使
空	員
空	運
空	雲
空	允
空	孕
空	韻
空	云
空	運動
與	中共
與	重工
與	重工業
與	中共中央
與	中共暴政
與	重工輕商
與	中共獨裁暴政
與	中國
偏甜鹹	將
偏甜鹹	強
偏甜鹹	講
偏甜鹹	獎
偏甜鹹	降
偏甜鹹	江
偏甜鹹	蔣
偏甜鹹	醬
術研究	機構
術研究	結構
術研究	架構
術研究	建構
術研究	解構
術研究	機構學
術研究	基構
術研究	佳構
英文官	方
英文官	放
英文官	方式
英文官	方面
英文官	防
英文官	房
英文官	方法
英文官	訪
只	我
只	為
只	於
只	文
只	外
只	我們
只	無
只	問
登記	啊
登記	阿
登記	案
登記	安
登記	愛
登記	岸
登記	按
登記	奧
競爭力	於
競爭力	與
競爭力	育
競爭力	語
競爭力	預
競爭力	說
競爭力	員
競爭力	域
觀眾在	舞台
觀眾在	五台
觀眾在	五胎
觀眾在	霧台
觀眾在	舞台劇
觀眾在	五台山
觀眾在	物態
觀眾在	舞態
七三公	里
七三公	理
七三公	力
七三公	裡
七三公	立
七三公	利
七三公	了
七三公	例
演講中	坦承
演講中	坦誠
演講中	談成
演講中	坦承不諱
演講中	坦誠以待
演講中	坦誠相待
演講中	唐朝
演講中	糖廠
公	共運
公	工運
公	公允
公	公園
公	工業
公	公寓
公	供應
公	共約
港式經	的
港式經	得
港式經	大
港式經	典
港式經	到
港式經	都
港式經	地
港式經	對
日軍	聽見
日軍	聽覺
日軍	挺進
日軍	停機
日軍	挺舉
日軍	聽講
日軍	停經
日軍	停機坪
日清晨	六點半
日清晨	六點
日清晨	流動
日清晨	六大
日清晨	六度
日清晨	流到
日清晨	留待
日清晨	留到
當鼓棒	使用
當鼓棒	是用
當鼓棒	適用
當鼓棒	實用
當鼓棒	試用
當鼓棒	食用
當鼓棒	使用者
當鼓棒	施用
中霧峰	個
中霧峰	國
中霧峰	家
中霧峰	過
中霧峰	公
中霧峰	高
中霧峰	工
中霧峰	果
工作者	自己
工作者	最近
工作者	增加
工作者	直接
工作者	之間
工作者	資金
工作者	專家
工作者	逐漸
細分類	學
細分類	型
細分類	西
細分類	系
細分類	希
細分類	下
細分類	習
細分類	係
經	濟
經	紀
經	進
經	其
經	及
經	機
經	期
經	計
為菠蘿	有
為菠蘿	由
為菠蘿	又
為菠蘿	友
為菠蘿	遊
為菠蘿	油
為菠蘿	優
為菠蘿	右
及民主	連載
及民主	連在
及民主	連在一起
及民主	晾在
及民主	連載故事
及民主	連載報導
及民主	連載小說
及民主	聯招
育發展	在
育發展	這
育發展	中
育發展	自
育發展	之
育發展	子
育發展	作
育發展	主
圓柱狀	切片
圓柱狀	切片檢查
圓柱狀	切片機
圓柱狀	企鵝
圓柱狀	其二
圓柱狀	妻兒
圓柱狀	前額
圓柱狀	親耳
新	常態
新	長途
新	暢談
新	暢通
新	長條
新	長談
新	常聽到
新	常談
兩個小	時
兩個小	是
兩個小	上
兩個小	所
兩個小	十
兩個小	生
兩個小	說
兩個小	事
天然	不
天然	部
天然	本
天然	比
天然	把
天然	表
天然	被
天然	保
底追加	以
底追加	一
底追加	有
底追加	要
底追加	也
底追加	於
底追加	與
底追加	說
最	佳
最	家
最	加
最	強
最	價
最	假
最	間
最	教
外送平	台
外送平	天
外送平	他
外送平	體
外送平	提
外送平	題
外送平	同
外送平	她
公里加	這些
公里加	之下
公里加	資訊
公里加	中心
公里加	主席
公里加	執行
公里加	重心
公里加	自行
各種	有
各種	以
各種	與
各種	一
各種	原
各種	語
各種	要
各種	也
成蟲	是
成蟲	時
成蟲	上
成蟲	所
成蟲	十
成蟲	生
成蟲	說
成蟲	事
民自由	的
民自由	大
民自由	黨
民自由	到
民自由	都
民自由	地
民自由	得
民自由	對
外燴	是
外燴	時
外燴	上
外燴	所
外燴	十
外燴	生
外燴	說
外燴	事
就	是在
就	甚至
就	實在
就	算在
就	隨著
就	數字
就	市長
就	設置
視	為
視	我
視	於
視	文
視	外
視	我們
視	無
視	問
台	是
台	設
台	山
台	時
台	上
台	所
台	十
台	生
老	藝術
老	也是
老	意思
老	以上
老	預算
老	有時
老	於是
老	意識
音首次	成為
音首次	稱為
音首次	稱謂
音首次	逞威
音首次	成為事實
音首次	稱謂語
音首次	逞威風
音首次	乘危下石
語言帶	會
語言帶	後
語言帶	和
語言帶	好
語言帶	很
語言帶	還
語言帶	行
語言帶	合
獎生活	風格
獎生活	封個
獎生活	風過耳
獎生活	鳳閣龍樓
獎生活	風光
獎生活	封港
獎生活	封關
獎生活	風骨
合	會
合	後
合	和
合	好
合	很
合	還
合	行
合	合
加纖維	之
加纖維	只
加纖維	知
加纖維	至
加纖維	制
加纖維	指
加纖維	直
加纖維	治
塑化	其
塑化	及
塑化	金
塑化	劑
塑化	機
塑化	期
塑化	計
塑化	己
跨國	公營
跨國	供應
跨國	公營事業
跨國	公營企業
跨國	恭迎
跨國	供應商
跨國	供應國
跨國	供應站
改變	規
改變	貴
改變	歸
改變	鬼
改變	櫃
改變	軌
改變	鮭
改變	龜
室可以	最近
室可以	最佳
室可以	最近的
室可以	最基本
室可以	最簡單
室可以	最佳化
室可以	醉酒
室可以	嘴角
自由及	民眾
自由及	沒在
自由及	民主
自由及	民族
自由及	滿足
自由及	名字
自由及	沒輒
自由及	馬祖
整理	美麗島事件
整理	美麗
整理	魅力
整理	美麗島
整理	美聯
整理	美麗的
整理	美利達
整理	梅林
也	討論
也	同來
也	同理
也	同樂
也	條例
也	同僚
也	鐵路
也	同路
球陷入	冰封
球陷入	病風喪心
球陷入	並非
球陷入	併發
球陷入	病房
球陷入	餅乾
球陷入	病發
球陷入	賓館
威脅政	權
威脅政	全
威脅政	權力
威脅政	權利
威脅政	權益
威脅政	券
威脅政	圈
威脅政	卷
而來	自
而來	子
而來	資
而來	字
而來	仔
而來	齊
而來	滋
而來	姊
拳擊四	會
拳擊四	後
拳擊四	和
拳擊四	好
拳擊四	很
拳擊四	還
拳擊四	行
拳擊四	合
基百科	調
基百科	條
基百科	跳
基百科	挑
基百科	條件
基百科	眺
基百科	條例
基百科	調整
噪音與	文化
噪音與	維護
噪音與	五號
噪音與	我還
噪音與	為何
噪音與	五行
噪音與	王后
噪音與	我會
安全必	要
安全必	樂
安全必	藥
安全必	要求
安全必	要的
安全必	邀
安全必	要不
安全必	搖
券交易	所
券交易	所以
券交易	所得
券交易	索
券交易	縮
券交易	鎖
券交易	所有
券交易	莎
升格為	環境
升格為	回家
升格為	好幾
升格為	畫家
升格為	黃金
升格為	很久
升格為	和解
升格為	海軍
聖喬治	交通
聖喬治	腳踏
聖喬治	交通部
聖喬治	教堂
聖喬治	教徒
聖喬治	腳踏車
聖喬治	交談
聖喬治	交替
首批	影響
首批	影像
首批	英雄
首批	影響力
首批	影響到
首批	影戲
首批	映像
首批	迎新
評鑑為	遊戲
評鑑為	有心
評鑑為	有線
評鑑為	有下
評鑑為	有性
評鑑為	有形
評鑑為	有幸
評鑑為	有些
三次含	攝影師
三次含	攝影室
三次含	瀋陽市
三次含	攝影
三次含	聲音
三次含	生意
三次含	十二月
三次含	審議
者彼此	記者
者彼此	建築
者彼此	價值
者彼此	競爭
者彼此	機制
者彼此	家長
者彼此	接著
者彼此	叫做
定者與	裁判
定者與	裁判長
定者與	裁判員
定者與	裁判官
定者與	裁判權
定者與	塵埃
定者與	慈愛
定者與	菜圃
把	們
把	沒
把	麼
把	民
把	面
把	目
把	美
把	明
當皇蛾	小時
當皇蛾	小說
當皇蛾	消失
當皇蛾	銷售
當皇蛾	小時候
當皇蛾	小三
當皇蛾	酵素
當皇蛾	孝順
保護政	策
保護政	單
保護政	出
保護政	成
保護政	此
保護政	長
保護政	次
保護政	重
檢討	保
檢討	報
檢討	包
檢討	寶
檢討	暴
檢討	抱
檢討	爆
檢討	胞
制樟腦	貿易
制樟腦	毛衣
制樟腦	貿易商
制樟腦	冒用
制樟腦	貿易協定
制樟腦	貿易額
制樟腦	冒雨
制樟腦	貿易逆差
網路晶	比
網路晶	被
網路晶	品
網路晶	片
網路晶	平
網路晶	便
網路晶	否
網路晶	般
一個	國
一個	過
一個	果
一個	國家
一個	郭
一個	國小
一個	國際
一個	鍋
等抗爭	終局
等抗爭	中距離
等抗爭	中軍
等抗爭	中居正廣
等抗爭	眾軍
等抗爭	忠君愛國
等抗爭	忠君報國
等抗爭	中間
以保護	民
以保護	面
以保護	密
以保護	米
以保護	明
以保護	名
以保護	迷
以保護	秘
列為	好像
列為	或許
列為	互相
列為	化學
列為	核心
列為	候選
列為	呼吸
列為	後續
占整體	爆
占整體	保
占整體	報
占整體	包
占整體	寶
占整體	暴
占整體	抱
占整體	胞
華雜誌	轉為
華雜誌	專文
華雜誌	轉彎
華雜誌	專為
華雜誌	轉往
華雜誌	撰文
華雜誌	磚瓦
華雜誌	裝為
古老的	是
古老的	時
古老的	事
古老的	十
古老的	實
古老的	使
古老的	提
古老的	市
交換	利用
交換	另一
交換	利益
交換	領域
交換	理由
交換	六月
交換	立院
交換	利於
每月	一
每月	議
每月	有
每月	以
每月	要
每月	也
每月	於
每月	與
壓倒性	分
壓倒性	法
壓倒性	發
壓倒性	方
壓倒性	府
壓倒性	非
壓倒性	費
壓倒性	服
所	謂
所	為
所	位
所	委
所	未
所	維
所	味
所	衛
她法律	人
她法律	如
她法律	日
她法律	然
她法律	入
她法律	女
她法律	任
她法律	認
西斯的	社會
西斯的	社會主義
西斯的	社會福利
西斯的	社會局
西斯的	社會學
西斯的	社會科
西斯的	社會大眾
西斯的	社會裡
藤市值	變化
藤市值	變換
藤市值	變壞
藤市值	變幻
藤市值	變化球
藤市值	變化多端
藤市值	邊患
藤市值	變化成
王	我
王	位
王	為
王	於
王	文
王	外
王	我們
王	無
視為舞	台
視為舞	他
視為舞	天
視為舞	體
視為舞	提
視為舞	題
視為舞	同
視為舞	她
個山老	書
個山老	數
個山老	鼠
個山老	術
個山老	說
個山老	屬
個山老	樹
個山老	署
四屆紀	錄
四屆紀	路
四屆紀	陸
四屆紀	露
四屆紀	論
四屆紀	魯
四屆紀	落
四屆紀	爐
靠一批	人
靠一批	任
靠一批	認
靠一批	仁
靠一批	忍
靠一批	仍
靠一批	認為
靠一批	任何
農曆三	說
農曆三	月
農曆三	樂
農曆三	約
農曆三	越
農曆三	閱
農曆三	曰
農曆三	躍
平	方公里
平	方格
平	方根
平	放給
平	放過
平	放工
平	放個
平	仿古
中堅守	立新
中堅守	理想
中堅守	留下
中堅守	陸續
中堅守	流行
中堅守	連續
中堅守	旅行
中堅守	理性
我	向來
我	想來
我	向來是
我	相賴
我	想來想去
我	向來都是
我	先過來
我	想過來
絕對不	放棄
絕對不	放輕
絕對不	放晴
絕對不	房錢
絕對不	放氣
絕對不	防區
絕對不	訪親
絕對不	放輕鬆
萬完成	之
萬完成	長
萬完成	真
萬完成	正
萬完成	在
萬完成	這
萬完成	中
萬完成	自
危機與	領導者
危機與	領導
危機與	領到
危機與	零點
危機與	領帶
危機與	靈丹
危機與	另打
危機與	鈴鐺
接收林	長
接收林	場
接收林	常
接收林	廠
接收林	唱
接收林	償
接收林	嘗
接收林	昌
而是	連結
而是	連接
而是	兩屆
而是	兩階
而是	兩截
而是	聯結
而是	兩節
而是	連接詞
日中華	民
日中華	民國
日中華	明
日中華	名
日中華	敏
日中華	命
日中華	民眾
日中華	民間
債上億	人
債上億	如
債上億	日
債上億	然
債上億	入
債上億	女
債上億	任
債上億	認
自由時	保
自由時	報
自由時	包
自由時	寶
自由時	暴
自由時	抱
自由時	爆
自由時	胞
題改由	關於
題改由	官員
題改由	觀音
題改由	廣義
題改由	慣用
題改由	管用
題改由	管樂
題改由	光耀
今天晚	上
今天晚	是
今天晚	時
今天晚	所
今天晚	十
今天晚	生
今天晚	說
今天晚	事
中文	危機
中文	維基
中文	畏懼
中文	為家
中文	違建
中文	位居
中文	未經
中文	未見
農田耕	作
農田耕	在
農田耕	種
農田耕	這
農田耕	中
農田耕	自
農田耕	之
農田耕	子
年	手法
年	收費
年	首富
年	受訪
年	守法
年	首府
年	受訪者
年	收發
他坦	研
他坦	演
他坦	言
他坦	驗
他坦	眼
他坦	嚴
他坦	樣
他坦	延
離開	好
離開	和
離開	還
離開	行
離開	海
離開	哈
離開	孩
離開	號
制裁持	續
制裁持	許
制裁持	需
制裁持	學
制裁持	須
制裁持	還
制裁持	序
制裁持	選
冼義哲	公
冼義哲	工
冼義哲	共
冼義哲	供
冼義哲	功
冼義哲	紅
冼義哲	攻
冼義哲	宮
雄不在	原
雄不在	員
雄不在	院
雄不在	元
雄不在	園
雄不在	源
雄不在	遠
雄不在	願
事業有	成
事業有	程
事業有	稱
事業有	城
事業有	承
事業有	程度
事業有	盛
事業有	呈
因為壽	是
因為壽	時
因為壽	上
因為壽	所
因為壽	十
因為壽	生
因為壽	說
因為壽	事
圖片	利用
圖片	旅遊
圖片	另一
圖片	利益
圖片	領域
圖片	理由
圖片	六月
圖片	來源
管理與	法
管理與	發
管理與	反
管理與	方
管理與	放
管理與	乏
管理與	罰
管理與	髮
新北	市
新北	是
新北	時
新北	省
新北	上
新北	所
新北	十
新北	生
言現象	當
言現象	黨
言現象	檔
言現象	擋
言現象	盪
言現象	當然
言現象	蕩
言現象	當時
蛋	他
蛋	她
蛋	它
蛋	台
蛋	太
蛋	台灣
蛋	他們
蛋	牠
安裝	了
安裝	來
安裝	理
安裝	力
安裝	裡
安裝	立
安裝	路
安裝	利
台可	見
台可	就
台可	家
台可	其
台可	及
台可	經
台可	機
台可	進
位博士	但
位博士	單
位博士	當
位博士	石
位博士	擔
位博士	彈
位博士	蛋
位博士	淡
職能	膨脹
職能	碰撞
職能	烹煮
職能	碰著
職能	捧著
職能	棚子
職能	捧住
職能	彭祖
保留	學
保留	下
保留	行
保留	心
保留	現
保留	新
保留	還
保留	小
幕後打	電
幕後打	點
幕後打	店
幕後打	典
幕後打	電腦
幕後打	電視
幕後打	電子
幕後打	殿
不少廟	於
不少廟	與
不少廟	育
不少廟	語
不少廟	預
不少廟	說
不少廟	員
不少廟	域
又積極	的
又積極	大
又積極	度
又積極	到
又積極	都
又積極	地
又積極	得
又積極	對
育運動	就
育運動	家
育運動	其
育運動	及
育運動	經
育運動	機
育運動	進
育運動	間
發布需	求
發布需	球
發布需	秋
發布需	邱
發布需	求的
發布需	龜
發布需	丘
發布需	求學
檢	核心
檢	黑心
檢	橫行
檢	恆星
檢	很新
檢	狠心
檢	恆心
檢	合心
工程	聽
工程	停
工程	庭
工程	廳
工程	廷
工程	婷
工程	挺
工程	亭
除有	公共安全
除有	灌溉區
除有	公告
除有	更高
除有	高高
除有	廣告
除有	剛剛
除有	更改
界拳擊	聯盟
界拳擊	連忙
界拳擊	憐憫
界拳擊	聯名
界拳擊	兩面
界拳擊	連綿
界拳擊	聯袂
界拳擊	連袂
衛教	文字
衛教	文章
衛教	蚊子
衛教	問政
衛教	文摘
衛教	穩住
衛教	文則
衛教	文字檔
水	路
水	錄
水	陸
水	露
水	論
水	魯
水	落
水	爐
源頭	減少
源頭	見少怪多
源頭	姦殺
源頭	建商
源頭	尖山
源頭	江山
源頭	將上
源頭	鑑賞
法成效	觀察
法成效	廣場
法成效	觀測
法成效	貫徹
法成效	觀察到
法成效	館藏
法成效	光彩
法成效	棺材
測性維	會
測性維	許
測性維	護
測性維	和
測性維	乎
測性維	還
測性維	戲
測性維	戶
聖馬洛	去
聖馬洛	區
聖馬洛	取
聖馬洛	趣
聖馬洛	全
聖馬洛	曲
聖馬洛	權
聖馬洛	卻
成事件	方式
成事件	發生
成事件	發射
成事件	凡是
成事件	發燒
成事件	法師
成事件	販售
成事件	發聲
控制了	很久
控制了	環境
控制了	和解
控制了	海軍
控制了	火雞
控制了	火警
控制了	回家
控制了	好幾
螢幕後	打電動
螢幕後	大典
螢幕後	打點
螢幕後	帶點
螢幕後	導電
螢幕後	打點滴
螢幕後	代電
螢幕後	到點
萬平	方公里
萬平	方格
萬平	方根
萬平	放給
萬平	放過
萬平	放個
萬平	仿古
萬平	放光
分設與	在
分設與	再
分設與	載
分設與	災
分設與	仔
分設與	栽
分設與	宰
分設與	在台
始交流	於
始交流	與
始交流	育
始交流	語
始交流	預
始交流	說
始交流	員
始交流	域
以及	姓名
以及	性命
以及	刑名
以及	姓名學
以及	性命不保
以及	性命攸關
以及	性命交關
以及	醒目
族人環	繞著
族人環	繞在
族人環	繞組
族人環	繞指柔
族人環	繞嘴
族人環	饒州
族人環	熱愛
族人環	仁愛
文化	中
文化	在
文化	這
文化	自
文化	之
文化	子
文化	作
文化	主
時內回	不
時內回	部
時內回	本
時內回	比
時內回	把
時內回	表
時內回	被
時內回	保
也是她	法律
也是她	福利
也是她	法令
也是她	分類
也是她	分離
也是她	費率
也是她	分裂
也是她	附錄
唐吉訶	的
唐吉訶	大
唐吉訶	到
唐吉訶	都
唐吉訶	地
唐吉訶	得
唐吉訶	對
唐吉訶	多
財	政
財	正
財	整
財	爭
財	證
財	徵
財	症
財	政府
控制了	火雞
控制了	火警
控制了	火炬
控制了	火急
控制了	火箭
控制了	火祭
控制了	獲獎
控制了	火禁
站在基	了
站在基	來
站在基	拉
站在基	理
站在基	力
站在基	裡
站在基	立
站在基	勒
總	普
總	暴
總	譜
總	埔
總	鋪
總	撲
總	葡
總	樸
依	來
依	賴
依	萊
依	來的
依	來自
依	來看
依	來說
依	來了
止新人	進入
止新人	浸入
止新人	盡如
止新人	進入到
止新人	竟如
止新人	精銳
止新人	浸潤
止新人	盡如人意
台才算	我
台才算	為
台才算	於
台才算	文
台才算	外
台才算	我們
台才算	無
台才算	問
有一點	不
有一點	部
有一點	步
有一點	布
有一點	補
有一點	佈
有一點	捕
有一點	不是
僅兩人	去
僅兩人	其
僅兩人	前
僅兩人	起
僅兩人	期
僅兩人	全
僅兩人	區
僅兩人	將
未下載	會
未下載	後
未下載	和
未下載	好
未下載	很
未下載	還
未下載	行
未下載	合
名	自然
名	作人
名	主任
名	責任
名	昨日
名	主人
名	責人
名	族人
政府	並未
政府	並無
政府	並為
政府	病危
政府	併為
政府	並無二致
政府	丙烷
政府	病亡
道路	他
道路	台
道路	天
道路	體
道路	提
道路	題
道路	同
道路	她
誠品	時代
誠品	受到
誠品	使得
誠品	速度
誠品	生的
誠品	似的
誠品	十多
誠品	說的
原住民	文
原住民	問
原住民	聞
原住民	免
原住民	溫
原住民	問題
原住民	穩
原住民	文化
目標是	朝野
目標是	超越
目標是	朝右
目標是	超音波
目標是	超音速
目標是	潮湧
目標是	潮音
目標是	炒羊肉
確監測	不得
確監測	不到
確監測	不斷
確監測	不但
確監測	不多
確監測	不對
確監測	部隊
確監測	不大
須放在	同
須放在	童
須放在	統
須放在	通
須放在	同學
須放在	痛
須放在	同時
須放在	銅
每股盈	一
每股盈	有
每股盈	以
每股盈	要
每股盈	也
每股盈	於
每股盈	與
每股盈	說
語教微	就
語教微	家
語教微	其
語教微	及
語教微	經
語教微	機
語教微	進
語教微	間
恰恰相	反
恰恰相	方
恰恰相	範
恰恰相	翻
恰恰相	飯
恰恰相	犯
恰恰相	放
恰恰相	繁
年	立法
年	立法院
年	兩方
年	兩分
年	療法
年	兩份
年	理法
年	立法委員
證基底	家
證基底	加
證基底	價
證基底	假
證基底	間
證基底	教
證基底	將
證基底	建
它不完	美
它不完	們
它不完	沒
它不完	麼
它不完	民
它不完	面
它不完	目
它不完	明
年	上下
年	上學
年	上限
年	上線
年	上旬
年	上校
年	傷心
年	上下班
去任何	一種
去任何	倚重
去任何	一忠
去任何	乙種
去任何	役種
去任何	義塚
去任何	蟻塚
去任何	一中一台
寧可僵	主
寧可僵	著
寧可僵	助
寧可僵	住
寧可僵	注
寧可僵	屬
寧可僵	築
寧可僵	竹
全國性	公民
全國性	共鳴
全國性	功名
全國性	公民營
全國性	公民權
全國性	公民社會
全國性	共鳴箱
全國性	公民投票
碳電需	要
碳電需	一
碳電需	有
碳電需	以
碳電需	也
碳電需	於
碳電需	與
碳電需	說
灣鳥類	他
灣鳥類	台
灣鳥類	天
灣鳥類	體
灣鳥類	提
灣鳥類	題
灣鳥類	同
灣鳥類	她
民失去	升級
民失去	生技
民失去	生機
民失去	生計
民失去	省籍
民失去	生就
民失去	聖經
民失去	省級
對	有
對	由
對	又
對	猶
對	友
對	遊
對	油
對	優
文章也	紀錄
文章也	經理
文章也	就來
文章也	經歷
文章也	加了
文章也	接連
文章也	建立
文章也	紀錄片
拳擊聯	名
拳擊聯	們
拳擊聯	沒
拳擊聯	盟
拳擊聯	麼
拳擊聯	民
拳擊聯	面
拳擊聯	目
個	市鎮
個	市政
個	市政府
個	時針
個	施政
個	失真
個	時政
個	實證
拳擊選	手
拳擊選	受
拳擊選	收
拳擊選	首
拳擊選	授
拳擊選	守
拳擊選	售
拳擊選	熟
湖口老	就
湖口老	家
湖口老	其
湖口老	及
湖口老	經
湖口老	機
湖口老	進
湖口老	間
報導採	訪
報導採	方
報導採	放
報導採	防
報導採	房
報導採	訪問
報導採	芳
報導採	方式
宣布他	出
宣布他	才
宣布他	成
宣布他	從
宣布他	曾
宣布他	參
宣布他	常
宣布他	此
是一張	中
是一張	種
是一張	重
是一張	眾
是一張	終
是一張	鐘
是一張	忠
是一張	中國
魚	長
魚	場
魚	常
魚	廠
魚	唱
魚	償
魚	嘗
魚	昌
一個	公尺
一個	公車
一個	過程
一個	觀察
一個	工程
一個	國產
一個	剛才
一個	工廠
台灣有	超過
台灣有	成功
台灣有	參觀
台灣有	出國
台灣有	穿過
台灣有	成果
台灣有	超高
台灣有	傳給
灣需要	我的
灣需要	穩定
灣需要	舞蹈
灣需要	偉大
灣需要	味道
灣需要	溫度
灣需要	為大
灣需要	為的
日	成立
日	成了
日	承攬
日	成龍
日	成功率
日	城裡
日	乘涼
日	成功路
道平台	政
道平台	正
道平台	整
道平台	爭
道平台	證
道平台	徵
道平台	症
道平台	政府
來在一	長
來在一	場
來在一	常
來在一	廠
來在一	唱
來在一	償
來在一	嘗
來在一	昌
也有	一口
也有	一看
也有	一刻
也有	一開
也有	一課
也有	一開始
也有	一科
也有	亦可
賴特定	記者
賴特定	建築
賴特定	價值
賴特定	競爭
賴特定	機制
賴特定	家長
賴特定	接著
賴特定	叫做
歌回接	了
歌回接	來
歌回接	理
歌回接	力
歌回接	裡
歌回接	立
歌回接	路
歌回接	利
城武不	相望
城武不	想望
城武不	嚮往
城武不	襄王
城武不	箱網養殖
城武不	像我
城武不	相關
城武不	香港
漢語詞	的
漢語詞	大
漢語詞	到
漢語詞	都
漢語詞	地
漢語詞	得
漢語詞	對
漢語詞	多
市佔	了
市佔	領
市佔	來
市佔	理
市佔	力
市佔	裡
市佔	立
市佔	路
能增加	像我
能增加	纖維
能增加	香味
能增加	嚮往
能增加	顯微
能增加	向外
能增加	顯微鏡
能增加	想望
機組	聽
機組	停
機組	庭
機組	廳
機組	廷
機組	婷
機組	挺
機組	亭
網路	投票
網路	頭皮
網路	偷拍
網路	偷跑
網路	投票權
網路	投票率
網路	投票所
網路	投票人
人組織	資本
人組織	資本主義
人組織	自卑
人組織	自白
人組織	資本額
人組織	自備
人組織	自閉
人組織	資本家
每年	音樂
每年	意義
每年	一億
每年	因應
每年	醫院
每年	一月
每年	一頁
每年	一一
型為古	一直
型為古	遺址
型為古	一種
型為古	一致
型為古	影展
型為古	依照
型為古	一隻
型為古	一陣
逐字	記載
逐字	就在
逐字	將在
逐字	記在
逐字	近在
逐字	救災
逐字	擠在
逐字	積在
不是	偶然
不是	歐人
不是	毆辱
不是	偶然間
不是	偶然性
不是	偶然之間
不是	區
不是	歐
統一發	不
統一發	布
統一發	部
統一發	步
統一發	補
統一發	佈
統一發	捕
統一發	不是
日零時	期
日零時	其
日零時	將
日零時	起
日零時	氣
日零時	七
日零時	器
日零時	企
民間	固有
民間	國有
民間	故有
民間	慣有
民間	股友社
民間	光有
民間	掛有
民間	過油
動部應	明確
動部應	明確性
動部應	名曲
動部應	名氣
動部應	明清
動部應	明渠
動部應	明器
動部應	鳴槍
片等不	通常
片等不	同儕
片等不	同出
片等不	同窗
片等不	通車
片等不	統籌
片等不	同場
片等不	同產
化劑案	民
化劑案	明
化劑案	名
化劑案	敏
化劑案	命
化劑案	民眾
化劑案	閩
化劑案	民國
一個	原則
一個	原則上
一個	原則性
一個	原作
一個	院長
一個	原子
一個	援助
一個	源自
屆金鐘	將
屆金鐘	強
屆金鐘	講
屆金鐘	獎
屆金鐘	降
屆金鐘	江
屆金鐘	蔣
屆金鐘	醬
量化控	制
量化控	之
量化控	只
量化控	知
量化控	至
量化控	指
量化控	直
量化控	治
年	文字
年	文章
年	蚊子
年	問政
年	文摘
年	穩住
年	文則
年	文字檔
有成癮	在
有成癮	這
有成癮	中
有成癮	自
有成癮	之
有成癮	子
有成癮	作
有成癮	主
年體	也
年體	育
年體	與
年體	一
年體	有
年體	驗
年體	以
年體	要
計程	出
計程	成
計程	此
計程	長
計程	次
計程	重
計程	才
計程	從
盞燈熄	們
盞燈熄	沒
盞燈熄	麼
盞燈熄	民
盞燈熄	面
盞燈熄	目
盞燈熄	美
盞燈熄	明
萬	定要
萬	定義
萬	訂閱
萬	定於
萬	定讞
萬	叮咬
萬	訂於
萬	訂約
育部平	頭
育部平	投
育部平	透
育部平	偷
育部平	透過
育部平	投資
育部平	投入
育部平	投票
暨公報	資訊網
暨公報	做學問
暨公報	周錫緯
暨公報	中心
暨公報	這些
暨公報	資訊
暨公報	主席
暨公報	執行
他	只需
他	執行
他	之下
他	只想
他	只需要
他	支線
他	秩序
他	質詢
也有	一
也有	有
也有	以
也有	要
也有	也
也有	於
也有	與
也有	說
年	格式
年	各式
年	更是
年	歌手
年	個數
年	歌聲
年	更深
年	跟隨
卓榮	他
卓榮	台
卓榮	天
卓榮	體
卓榮	提
卓榮	題
卓榮	同
卓榮	她
量調整	一
量調整	有
量調整	以
量調整	要
量調整	也
量調整	於
量調整	與
量調整	說
他本	人
他本	如
他本	日
他本	然
他本	入
他本	女
他本	任
他本	認
受耕作	是否
受耕作	是非
受耕作	水分
受耕作	司法
受耕作	十分
受耕作	水份
受耕作	說法
受耕作	身分
撈漁業	家
撈漁業	該
撈漁業	個
撈漁業	國
撈漁業	過
撈漁業	公
撈漁業	高
撈漁業	工
萬根電	個
萬根電	國
萬根電	家
萬根電	過
萬根電	公
萬根電	高
萬根電	工
萬根電	果
寄	會
寄	後
寄	和
寄	好
寄	很
寄	還
寄	行
寄	合
人力該	人
人力該	如
人力該	日
人力該	然
人力該	入
人力該	女
人力該	任
人力該	認
產品分	為
產品分	位
產品分	委
產品分	未
產品分	維
產品分	味
產品分	衛
產品分	謂
目標是	朝
目標是	超
目標是	潮
目標是	朝野
目標是	巢
目標是	吵
目標是	炒
目標是	抄
鐵路	甚至
鐵路	設置
鐵路	生在
鐵路	身子
鐵路	生長
鐵路	社長
鐵路	生殖
鐵路	設在
官民	協力
官民	協理
官民	鞋裡
官民	謝禮
官民	血淋淋
官民	血量
官民	燮理
官民	協力廠
答案	是
答案	時
答案	十
答案	事
答案	實
答案	市
答案	提
答案	使
最終達	的
最終達	到
最終達	電
最終達	大
最終達	都
最終達	地
最終達	得
最終達	對
佐證	還可
佐證	航空
佐證	好看
佐證	很快
佐證	回饋
佐證	會看
佐證	何況
佐證	會考
獅	談
獅	彈
獅	探
獅	坦
獅	壇
獅	攤
獅	嘆
獅	貪
年	月亮
年	雨量
年	原諒
年	餘糧
年	雲量
年	運量
年	羽量級
年	運糧
宗教	認為
宗教	任務
宗教	人為
宗教	人文
宗教	人物
宗教	人我
宗教	認為是
宗教	仍未
也不是	活動
也不是	很多
也不是	獲得
也不是	好的
也不是	會的
也不是	回到
也不是	回答
也不是	互動
夜店文	化
夜店文	華
夜店文	話
夜店文	畫
夜店文	花
夜店文	還
夜店文	劃
夜店文	環
化船甲	保護
化船甲	保護區
化船甲	保護法
化船甲	保護主義
化船甲	保護者
化船甲	保護色
化船甲	保護人
化船甲	保護性
以及姓	名
以及姓	明
以及姓	命
以及姓	銘
以及姓	名字
以及姓	鳴
以及姓	名稱
以及姓	名為
反	中國
反	中國地方
反	中共
反	中國人
反	中國大陸
反	中廣
反	忠告
反	中高
三月二	十三
三月二	十三年
三月二	十三日
三月二	失散
三月二	十三號
三月二	十三個
三月二	十三點
三月二	十三歲
網友則	發現
網友則	分析
網友則	發行
網友則	方向
網友則	分享
網友則	風險
網友則	飛行
網友則	復興
震災	原則
震災	院長
震災	原住民
震災	原子
震災	援助
震災	源自
震災	院子
震災	原作
物研究	保育
物研究	抱怨
物研究	暴雨
物研究	鮑魚
物研究	寶玉
物研究	報怨
物研究	保育員
物研究	寶元
明燦操	的
明燦操	大
明燦操	到
明燦操	都
明燦操	地
明燦操	得
明燦操	對
明燦操	多
把	學
把	下
把	行
把	心
把	現
把	新
把	還
把	小
為台灣	第一
為台灣	電影
為台灣	第一個
為台灣	定要
為台灣	第一次
為台灣	定義
為台灣	低於
為台灣	釣魚
當	他
當	天
當	台
當	體
當	提
當	題
當	同
當	她
端午季	高達
端午季	高大
端午季	高檔
端午季	高島屋
端午季	高蛋白
端午季	告貸
端午季	高膽固醇
端午季	高代謝率
到民眾	手
到民眾	受
到民眾	收
到民眾	首
到民眾	授
到民眾	守
到民眾	售
到民眾	熟
年	企業
年	簽約
年	其餘
年	前言
年	起源
年	前有
年	前因
年	起眼
林業及	自然
林業及	主任
林業及	責任
林業及	昨日
林業及	作人
林業及	主人
林業及	責人
林業及	中人
農業部	在
農業部	再
農業部	載
農業部	災
農業部	仔
農業部	在台
農業部	在於
農業部	栽
唯一	真相
唯一	真想
唯一	真像
唯一	爭相
唯一	正向
唯一	正想
唯一	真象
唯一	禎祥
台灣	還
台灣	環
台灣	歡
台灣	換
台灣	患
台灣	緩
台灣	黃
台灣	幻
誠品	說的
誠品	書店
誠品	說到
誠品	說得
誠品	說道
誠品	水道
誠品	水電
誠品	書呆
平台報	道
平台報	導
平台報	到
平台報	倒
平台報	島
平台報	導演
平台報	導致
平台報	刀
他	是
他	說
他	所
他	生
他	使
他	參
他	試
他	甚
選人照	片
選人照	比
選人照	被
選人照	品
選人照	平
選人照	便
選人照	否
選人照	般
理髮即	可
理髮即	可以
理髮即	可能
理髮即	科
理髮即	客
理髮即	課
理髮即	克
理髮即	可是
日中華	民
日中華	們
日中華	沒
日中華	麼
日中華	面
日中華	目
日中華	美
日中華	明
材料相	是
材料相	信
材料相	似
材料相	識
材料相	時
材料相	上
材料相	所
材料相	十
外接力	栽培
外接力	再配
外接力	載波
外接力	再陪
外接力	在陪
外接力	再賠
外接力	栽培業
外接力	栽培法
苗	了
苗	來
苗	理
苗	力
苗	裡
苗	立
苗	路
苗	利
張終點	政
張終點	正
張終點	整
張終點	爭
張終點	證
張終點	徵
張終點	症
張終點	政府
卓	其
卓	起
卓	期
卓	氣
卓	七
卓	器
卓	企
卓	前
擴產讓	用
擴產讓	永
擴產讓	擁
擴產讓	勇
擴產讓	泳
擴產讓	湧
擴產讓	庸
擴產讓	詠
九到一	恩
九到一	嗯
九到一	二年
九到一	兒女
九到一	恩怨
九到一	恩師
九到一	恩賜
九到一	恩惠
並與	中和
並與	中華
並與	中橫
並與	種花
並與	中華民國
並與	中國話
並與	中黃
並與	中國海
電力	市場
電力	生產
電力	審查
電力	色彩
電力	釋出
電力	生存
電力	首次
電力	上次
當時	日本
當時	日報
當時	日本人
當時	日幣
當時	日本隊
當時	日表
當時	日本語
當時	日本海
官方聲	明
官方聲	名
官方聲	們
官方聲	沒
官方聲	麼
官方聲	民
官方聲	面
官方聲	目
正式	上
正式	商
正式	傷
正式	尚
正式	賞
正式	湯
正式	商業
正式	商品
政府才	正式
政府才	正是
政府才	證實
政府才	徵收
政府才	證書
政府才	正視
政府才	鎮公所
政府才	徵稅
研究中	心
研究中	新
研究中	信
研究中	行
研究中	性
研究中	尋
研究中	形
研究中	辛
接發到	民眾
接發到	命中
接發到	民眾日報
接發到	民眾服務
接發到	民眾團體
接發到	民眾代表
接發到	民眾服務社
接發到	民主
鐵路	其
鐵路	及
鐵路	機
鐵路	期
鐵路	計
鐵路	己
鐵路	給
鐵路	基
散到各	種
散到各	自
散到各	在
散到各	這
散到各	中
散到各	之
散到各	子
散到各	作
資源和	生產
資源和	生存
資源和	生出
資源和	生產力
資源和	生成
資源和	生產者
資源和	生出來
資源和	生菜
三七三	公里
三七三	公立
三七三	功力
三七三	功利
三七三	公厘
三七三	公釐
三七三	公理
三七三	宮裡
只要	發現
只要	方向
只要	返鄉
只要	發現到
只要	法相
只要	防線
只要	芳香
只要	反向
歐	把
歐	八
歐	吧
歐	巴
歐	爸
歐	保
歐	報
歐	百
護與道	路
護與道	錄
護與道	陸
護與道	露
護與道	論
護與道	魯
護與道	落
護與道	爐
來	保護
來	保護區
來	保護法
來	保護主義
來	保護者
來	保護色
來	保護人
來	保護性
有	人形
有	人心
有	人性
有	人下
有	人像
有	人選
有	任性
有	人行道
受歐美	應
受歐美	影
受歐美	營
受歐美	英
受歐美	景
受歐美	迎
受歐美	硬
受歐美	映
北宣誓	就
北宣誓	家
北宣誓	其
北宣誓	及
北宣誓	經
北宣誓	機
北宣誓	進
北宣誓	間
採	特
採	特別
採	特色
採	特殊
採	騰
採	特定
採	疼
採	特性
深受日	本
深受日	報
深受日	不
深受日	被
深受日	北
深受日	播
深受日	部
深受日	爆
另	一方
另	一方面
另	一分
另	一幅
另	一封
另	一副
另	一夫
另	一放
確	認
確	人
確	任
確	認為
確	仁
確	忍
確	仍
確	任何
清晨六	點半
清晨六	電板
清晨六	墊板
清晨六	電腦班
清晨六	電棒
清晨六	電報
清晨六	電波
清晨六	點播
務作業	流程
務作業	六成
務作業	柳橙
務作業	流程圖
務作業	柳橙汁
務作業	六成新
務作業	柳橙原汁
務作業	流傳
中偵探	社
中偵探	什
中偵探	設
中偵探	生
中偵探	甚
中偵探	攝
中偵探	葉
中偵探	身
在外國	要
在外國	亞
在外國	壓
在外國	樣
在外國	研
在外國	樂
在外國	雅
在外國	呀
陷憂鬱	在
陷憂鬱	這
陷憂鬱	中
陷憂鬱	自
陷憂鬱	之
陷憂鬱	子
陷憂鬱	作
陷憂鬱	主
當鼓棒	是
當鼓棒	時
當鼓棒	上
當鼓棒	所
當鼓棒	十
當鼓棒	生
當鼓棒	說
當鼓棒	事
第	三次
第	三成
第	三重
第	三餐
第	三層
第	三場
第	三尺
第	三寸
回橋樑	道路
回橋樑	盜錄
回橋樑	道路上
回橋樑	搗亂
回橋樑	導論
回橋樑	道路網
回橋樑	搗亂份子
回橋樑	到了
清末北	台灣
清末北	台灣人
清末北	太晚
清末北	台灣省
清末北	台灣鮭
清末北	台灣地區
清末北	台灣區
清末北	台灣史
僅僅	了
僅僅	來
僅僅	理
僅僅	力
僅僅	裡
僅僅	立
僅僅	路
僅僅	利
上木樁	法
上木樁	發
上木樁	分
上木樁	方
上木樁	府
上木樁	非
上木樁	費
上木樁	服
整理計	畫
整理計	劃
整理計	化
整理計	話
整理計	花
整理計	華
整理計	還
整理計	環
合路線	不
合路線	部
合路線	本
合路線	比
合路線	把
合路線	表
合路線	被
合路線	保
台灣生	於
台灣生	物
台灣生	無
台灣生	五
台灣生	務
台灣生	午
台灣生	舞
台灣生	吳
亦	有
亦	由
亦	又
亦	友
亦	遊
亦	油
亦	優
亦	有的
億	美
億	沒
億	每
億	媒
億	美術
億	沒有
億	美元
億	妹
住一件	是
住一件	事
住一件	時
住一件	上
住一件	所
住一件	十
住一件	生
住一件	說
微	幾分
微	計分
微	積分
微	糾紛
微	激憤
微	記分
微	季風
微	加分
讓用電	自己
讓用電	最近
讓用電	增加
讓用電	直接
讓用電	之間
讓用電	資金
讓用電	專家
讓用電	逐漸
日新聞	個
日新聞	國
日新聞	家
日新聞	過
日新聞	公
日新聞	高
日新聞	工
日新聞	果
源頭	及
源頭	就
源頭	家
源頭	其
源頭	經
源頭	機
源頭	進
源頭	間
也鼓吹	經
也鼓吹	更
也鼓吹	境
也鼓吹	精
也鼓吹	景
也鼓吹	警
也鼓吹	競
也鼓吹	竟
臺灣黑	雄
臺灣黑	兄
臺灣黑	熊
臺灣黑	胸
臺灣黑	兇
臺灣黑	凶
臺灣黑	洶
臺灣黑	兄弟
供應鏈	管理
供應鏈	鼓勵
供應鏈	過來
供應鏈	過了
供應鏈	國立
供應鏈	公路
供應鏈	公里
供應鏈	古老
工	作
工	資
工	在
工	這
工	製
工	中
工	自
工	之
且容	一
且容	有
且容	易
且容	以
且容	要
且容	也
且容	於
且容	與
要增加	的
要增加	大
要增加	到
要增加	都
要增加	地
要增加	得
要增加	對
要增加	多
果	員
果	院
果	原
果	元
果	園
果	源
果	遠
果	願
容易讓	小姐
容易讓	學家
容易讓	選舉
容易讓	戲劇
容易讓	興建
容易讓	下降
容易讓	細節
容易讓	小徑
自歐美	日
自歐美	日本
自歐美	日子
自歐美	日前
自歐美	日據
自歐美	日期
自歐美	日報
自歐美	日後
年體育	運動
年體育	運動會
年體育	雲端
年體育	運到
年體育	運動員
年體育	暈倒
年體育	運動場
年體育	熨斗
三十	多年來
三十	多年
三十	多難
三十	對偶
三十	多
三十	度
三十	奪
三十	朵
它才是	浪
它才是	朗
它才是	郎
它才是	狼
它才是	廊
它才是	榔
它才是	螂
它才是	瑯
與中文	字幕
與中文	姊妹
與中文	字面
與中文	子民
與中文	字碼
與中文	字模
與中文	自命
與中文	子目
轉氣候	變遷
轉氣候	變淺
轉氣候	褊淺
轉氣候	編遣
轉氣候	編曲
轉氣候	編起
轉氣候	便去
轉氣候	扁鵲
台辦發	育
台辦發	一
台辦發	言
台辦發	有
台辦發	源
台辦發	音
台辦發	以
台辦發	射
他	後來
他	後來的
他	後來居上
他	後來人
他	後來之秀
他	後來之雋
他	喉嚨
他	後龍
和民主	黨
和民主	當
和民主	檔
和民主	擋
和民主	盪
和民主	當然
和民主	蕩
和民主	當時
自臺北	蘆洲
自臺北	瀘州
自臺北	廬州
自臺北	蘆洲市
自臺北	輪軸
自臺北	蘆洲區
自臺北	蘆洲鄉
自臺北	灤州
共同構	成
共同構	程
共同構	稱
共同構	城
共同構	成為
共同構	成立
共同構	承
共同構	盛
改變	軌道
改變	歸到
改變	跪倒
改變	鬼島
改變	跪到
改變	軌道炮
改變	規定
改變	貴的
排隊	兩個
排隊	勞工
排隊	樂觀
排隊	六個
排隊	旅館
排隊	立國
排隊	理工
排隊	老公
拍	除了
拍	出來
拍	處理
拍	出了
拍	出爐
拍	出路
拍	傳來
拍	創立
或少印	多少
或少印	多數
或少印	多時
或少印	多是
或少印	多事
或少印	多數人
或少印	多所
或少印	多少人
我們	就知道
我們	就職
我們	舊址
我們	糾正
我們	救助
我們	九州
我們	就住
我們	就中
舞台之	間
舞台之	際
舞台之	久
舞台之	就
舞台之	家
舞台之	其
舞台之	及
舞台之	經
斯文	化
斯文	和
斯文	會
斯文	華
斯文	後
斯文	好
斯文	很
斯文	還
順利投	票
順利投	漂
順利投	飄
順利投	票房
順利投	票價
順利投	票選
順利投	朴
順利投	票數
史最佳	成
史最佳	程
史最佳	稱
史最佳	城
史最佳	承
史最佳	盛
史最佳	呈
史最佳	誠
出剛毅	學
出剛毅	下
出剛毅	行
出剛毅	心
出剛毅	現
出剛毅	新
出剛毅	還
出剛毅	小
任中華	明
任中華	名
任中華	民國
任中華	命
任中華	銘
任中華	民歌
任中華	鳴
任中華	冥
刺劇如	何
刺劇如	會
刺劇如	後
刺劇如	和
刺劇如	好
刺劇如	很
刺劇如	還
刺劇如	行
修剪	方式
修剪	發生
修剪	輻射
修剪	分數
修剪	復甦
修剪	發射
修剪	分散
修剪	服飾
塊香菜	大概
塊香菜	德國
塊香菜	大哥
塊香菜	帶給
塊香菜	帝國
塊香菜	度過
塊香菜	打工
塊香菜	大國
由時報	新聞報導
由時報	希望
由時報	新聞
由時報	行為
由時報	新聞部
由時報	蟳味棒
由時報	斜紋布
由時報	纖維板
有一點	不同
有一點	不太
有一點	本土
有一點	標題
有一點	不停
有一點	白天
有一點	擺脫
有一點	補貼
邀	請
邀	去
邀	其
邀	前
邀	起
邀	期
邀	全
邀	區
保	留
保	了
保	來
保	羅
保	理
保	力
保	裡
保	立
針對台	北
針對台	北市
針對台	被
針對台	備
針對台	北縣
針對台	背
針對台	貝
針對台	悲
健身	方
健身	放
健身	防
健身	房
健身	訪
健身	芳
健身	方式
健身	妨
基本資	料
基本資	了
基本資	來
基本資	理
基本資	力
基本資	裡
基本資	立
基本資	路
近五十	六
近五十	流
近五十	陸
近五十	留
近五十	六日
近五十	劉
近五十	六百
近五十	六月
積極的	紀錄
積極的	記錄
積極的	進來
積極的	紀錄片
積極的	基隆
積極的	結論
積極的	機率
積極的	獎勵
完成第	一路
完成第	一連
完成第	一來
完成第	一律
完成第	一兩
完成第	一樓
完成第	一流
完成第	一類
運業者	於
運業者	與
運業者	育
運業者	語
運業者	預
運業者	說
運業者	員
運業者	域
午季高	的
午季高	度
午季高	得
午季高	點
午季高	等
午季高	地
午季高	達
午季高	低
在	法
在	發
在	發展
在	方
在	反
在	放
在	乏
在	罰
看起來	柔軟
看起來	柔軟度
看起來	柔軟精
看起來	柔軟操
看起來	柔軟性
看起來	柔軟體操
看起來	柔弱
看起來	人偶
已	經
已	更
已	境
已	精
已	景
已	警
已	競
已	竟
無限可	能
無限可	能否
無限可	能不
無限可	能夠
無限可	能有
無限可	能力
無限可	能不能
無限可	能幹
天	津
天	進
天	今
天	金
天	近
天	經
天	僅
天	緊
中	在
中	之
中	子
中	最
中	只
中	主
中	中
中	正
需求持	續
需求持	學
需求持	下
需求持	行
需求持	心
需求持	現
需求持	新
需求持	還
民主黨	成員
民主黨	成淵
民主黨	城垣
民主黨	成員國
民主黨	稱願
民主黨	澄源正本
民主黨	成語
民主黨	誠意
示控制	鍵盤
示控制	晶片
示控制	金牌
示控制	機票
示控制	精品
示控制	急迫
示控制	解剖
示控制	吉普
漁業署	出版
漁業署	成本
漁業署	傳播
漁業署	初步
漁業署	差別
漁業署	籌備
漁業署	從不
漁業署	才不
動	一時
動	以上
動	有時
動	一事
動	藝術
動	也是
動	有所
動	一聲
農業部	林
農業部	臨
農業部	另
農業部	領
農業部	鄰
農業部	令
農業部	琳
農業部	零
通常較	人
通常較	如
通常較	日
通常較	然
通常較	入
通常較	女
通常較	任
通常較	認
標示國	時光
標示國	使館
標示國	史館
標示國	史官
標示國	石棺
標示國	士官
標示國	試管
標示國	石觀音
年	海
年	還
年	孩
年	害
年	還是
年	孩子
年	還有
年	和藹
親王為	國際
親王為	國家
親王為	根據
親王為	公家
親王為	古今
親王為	公教
親王為	國界
親王為	國劇
一道道	學生
一道道	學術
一道道	新生
一道道	先生
一道道	小時
一道道	顯示
一道道	新書
一道道	像是
和地理	學
和地理	小
和地理	校
和地理	消
和地理	效
和地理	笑
和地理	銷
和地理	小時
祖屈指	一
祖屈指	以
祖屈指	意
祖屈指	已
祖屈指	引
祖屈指	議
祖屈指	義
祖屈指	英
依目前	出
依目前	成
依目前	此
依目前	長
依目前	次
依目前	重
依目前	才
依目前	從
化資產	保持
化資產	保存
化資產	抱持
化資產	報酬
化資產	爆出
化資產	報酬率
化資產	報仇
化資產	報出
過華中	全
過華中	將
過華中	其
過華中	期
過華中	區
過華中	取
過華中	去
過華中	前
容	一
容	易
容	以
容	意
容	已
容	議
容	義
容	醫
成癮者	進行
成癮者	繼續
成癮者	教學
成癮者	接下
成癮者	就像
成癮者	機械
成癮者	競選
成癮者	進修
特有	生物
特有	生物科
特有	生物學
特有	省文
特有	生物科技
特有	升為
特有	聲望
特有	生為
需要台	灣
需要台	完
需要台	萬
需要台	晚
需要台	玩
需要台	網
需要台	望
需要台	往
發出無	效
發出無	線
發出無	限
發出無	學
發出無	下
發出無	行
發出無	心
發出無	現
到	企業
到	企業家
到	企業界
到	七爺
到	企業化
到	秋葉
到	前夜
到	企業社
另成立	員
另成立	院
另成立	原
另成立	元
另成立	園
另成立	源
另成立	遠
另成立	願
放	去
放	棄
放	其
放	前
放	起
放	期
放	全
放	區
選舉合	併
選舉合	並
選舉合	病
選舉合	兵
選舉合	冰
選舉合	屏
選舉合	餅
選舉合	秉
把修	復
把修	法
把修	發
把修	分
把修	方
把修	府
把修	非
把修	費
成為總	統
成為總	同
成為總	通
成為總	童
成為總	痛
成為總	統一
成為總	銅
成為總	同時
次	用
次	永
次	擁
次	勇
次	泳
次	湧
次	庸
次	詠
運動	比較
運動	筆記
運動	編輯
運動	畢竟
運動	比較好
運動	標記
運動	比較多
運動	邊界
規則	知道
規則	制度
規則	只得
規則	值得
規則	直到
規則	指導
規則	只對
規則	質的
國民黨	主席
國民黨	轉型
國民黨	撰寫
國民黨	專心
國民黨	朱熹
國民黨	轉向
國民黨	專線
國民黨	智慧型
內死掉	市場
內死掉	生產
內死掉	審查
內死掉	色彩
內死掉	釋出
內死掉	生存
內死掉	首次
內死掉	上次
每	個
每	國
每	家
每	過
每	公
每	高
每	工
每	果
任教多	年
任教多	念
任教多	年來
任教多	年內
任教多	廿
任教多	年度
任教多	唸
任教多	黏
英	國人
英	過人
英	果仁
英	過人之處
英	果然
英	過熱
英	果如
英	果肉
去階級	會
去階級	後
去階級	和
去階級	好
去階級	很
去階級	還
去階級	行
去階級	合
台灣光	化
台灣光	話
台灣光	畫
台灣光	花
台灣光	華
台灣光	還
台灣光	劃
台灣光	環
父母	自己
父母	自己的
父母	資金
父母	自覺
父母	自家
父母	自救
父母	字句
父母	自給
因	此
因	次
因	差
因	詞
因	此一
因	刺
因	辭
因	慈
灣幻想	去
灣幻想	其
灣幻想	前
灣幻想	起
灣幻想	期
灣幻想	全
灣幻想	區
灣幻想	將
保存與	文化
保存與	文華
保存與	文化局
保存與	文化部
保存與	文化界
保存與	文化中心
保存與	文化人
保存與	文化建設
同一個	畫面
同一個	灰暗面
同一個	環面
同一個	荒謬
同一個	花蜜
同一個	化名
同一個	幻滅
同一個	皇民
接發到	民眾
接發到	民主
接發到	民族
接發到	每週
接發到	明治
接發到	滿足
接發到	名字
接發到	目中
它	要求
它	邀請
它	要錢
它	要強
它	樂群
它	要區
它	邀請賽
它	邀請函
也討論	政
也討論	正
也討論	整
也討論	爭
也討論	證
也討論	徵
也討論	症
也討論	政府
圍繞同	一
圍繞同	意
圍繞同	樣
圍繞同	於
圍繞同	有
圍繞同	以
圍繞同	要
圍繞同	也
路	不
路	北
路	包
路	部
路	本
路	比
路	把
路	表
的劑量	調整
的劑量	挑戰
的劑量	調漲
的劑量	調製
的劑量	跳蚤
的劑量	條子
的劑量	挑戰性
的劑量	跳針
們無法	組織
們無法	最重
們無法	作者
們無法	最終
們無法	最早
們無法	尊重
們無法	阻止
們無法	坐在
年	香港
年	宣告
年	相關
年	香菇
年	習慣
年	新光
年	效果
年	西瓜
與分布	資料
與分布	資料庫
與分布	自來
與分布	子來
與分布	自立
與分布	自律
與分布	自來水
與分布	自力
只有主	力
只有主	立
只有主	流
只有主	了
只有主	來
只有主	聯
只有主	理
只有主	裡
本政府	實
本政府	是
本政府	首
本政府	時
本政府	上
本政府	所
本政府	十
本政府	生
因為是	在看
因為是	最快
因為是	這塊
因為是	最可
因為是	中看
因為是	政客
因為是	中肯
因為是	展開
蔣	經
蔣	更
蔣	境
蔣	精
蔣	景
蔣	警
蔣	競
蔣	竟
張	進
張	今
張	金
張	近
張	經
張	僅
張	緊
張	更
代後受	的
代後受	到
代後受	大
代後受	都
代後受	地
代後受	得
代後受	對
代後受	多
統合路	下
統合路	小
統合路	線
統合路	學
統合路	行
統合路	心
統合路	現
統合路	新
機尖峰	用
機尖峰	永
機尖峰	擁
機尖峰	勇
機尖峰	泳
機尖峰	湧
機尖峰	庸
機尖峰	詠
迅速現	的
迅速現	代
迅速現	得
迅速現	大
迅速現	到
迅速現	都
迅速現	地
迅速現	對
要低碳	就
要低碳	家
要低碳	其
要低碳	及
要低碳	經
要低碳	機
要低碳	進
要低碳	間
鄭成功	驅逐
鄭成功	去住
鄭成功	去煮
鄭成功	權狀
鄭成功	驅逐艦
鄭成功	圈住
鄭成功	驅逐機
鄭成功	驅逐出境
科技競	在
科技競	這
科技競	爭
科技競	中
科技競	自
科技競	之
科技競	子
科技競	作
陳恆	兇手
陳恆	凶手
陳恆	雄獅
陳恆	凶殺
陳恆	兇殺
陳恆	雄師
陳恆	凶殺案
陳恆	熊十力
文化專	我
文化專	為
文化專	於
文化專	文
文化專	外
文化專	我們
文化專	無
文化專	問
洲自由	民
洲自由	明
洲自由	名
洲自由	敏
洲自由	命
洲自由	民眾
洲自由	閩
洲自由	民國
始官方	聲明
始官方	生命
始官方	聲名
始官方	聲母
始官方	生命力
始官方	聖母
始官方	盛名
始官方	生民
只當成	成
只當成	程
只當成	稱
只當成	城
只當成	承
只當成	盛
只當成	呈
只當成	誠
列出	一
列出	以
列出	與
列出	有
列出	演
列出	要
列出	也
列出	於
泉	在
泉	這
泉	中
泉	自
泉	之
泉	子
泉	作
泉	主
工業	可
工業	會
工業	看
工業	開
工業	可以
工業	科
工業	考
工業	口
候選人	照片
候選人	最好
候選人	只好
候選人	做好
候選人	招牌
候選人	招聘
候選人	罩袍
候選人	找平
教育	今天
教育	鏡頭
教育	今天的
教育	津貼
教育	今天在
教育	靜態
教育	今天是
教育	盡頭
以	當年
以	黨內
以	當年勇
以	擋泥板
以	蕩女
以	黨內人士
以	黨內鬥爭
以	擔綱
有紀錄	就要
有紀錄	酒藥
有紀錄	酒餚
有紀錄	就業
有紀錄	就有
有紀錄	九月
有紀錄	救援
有紀錄	就養
且充滿	房間
且充滿	放進
且充滿	放假
且充滿	反擊
且充滿	房價
且充滿	坊間
且充滿	返家
且充滿	方家
購弊案	種子
購弊案	種種
購弊案	中正
購弊案	種族
購弊案	種植
購弊案	終止
購弊案	中職
購弊案	重鎮
總統選	舉
總統選	車
總統選	局
總統選	具
總統選	據
總統選	足
總統選	劇
總統選	居
魏德聖	第一
魏德聖	對於
魏德聖	電影
魏德聖	都有
魏德聖	導演
魏德聖	地獄
魏德聖	地域
魏德聖	大約
停	止
停	之
停	只
停	知
停	至
停	制
停	指
停	直
酒	於
酒	與
酒	育
酒	語
酒	預
酒	說
酒	員
酒	域
透過	修法
透過	修復
透過	秀髮
透過	秀峰
透過	脩脯
透過	羞憤
透過	繡房
透過	羞憤自殺
作者早	一
作者早	以
作者早	意
作者早	已
作者早	議
作者早	義
作者早	醫
作者早	易
明山花	中
明山花	種
明山花	重
明山花	眾
明山花	終
明山花	鐘
明山花	忠
明山花	中國
立投資	關
立投資	觀
立投資	管
立投資	官
立投資	館
立投資	光
立投資	慣
立投資	冠
以進行	各位
以進行	國外
以進行	公務
以進行	購物
以進行	顧問
以進行	改為
以進行	國王
以進行	國文
近三	十
近三	是
近三	世
近三	歲
近三	時
近三	上
近三	所
近三	生
及高齡	這
及高齡	者
及高齡	著
及高齡	政
及高齡	正
及高齡	真
及高齡	這個
及高齡	哲
育運動	具有
育運動	建議
育運動	經驗
育運動	經營
育運動	記憶
育運動	交易
育運動	加以
育運動	就業
一直延	伸到
一直延	升到
一直延	神道
一直延	省道
一直延	深到
一直延	滲到
一直延	慎到
一直延	昇到
外銷	金額
外銷	進而
外銷	飢餓
外銷	巨額
外銷	繼而
外銷	鉅額
外銷	吉爾
外銷	饑餓
論網訪	問
論網訪	文
論網訪	問題
論網訪	聞
論網訪	免
論網訪	溫
論網訪	穩
論網訪	文化
鄉一群	人
鄉一群	如
鄉一群	日
鄉一群	然
鄉一群	入
鄉一群	女
鄉一群	任
鄉一群	認
把人帶	基礎
把人帶	接觸
把人帶	檢查
把人帶	機車
把人帶	警察
把人帶	經常
把人帶	堅持
把人帶	機場
熊就是	六個人
熊就是	兩個人
熊就是	稜果榕
熊就是	勞工
熊就是	樂觀
熊就是	六個
熊就是	旅館
熊就是	兩個
同時透	過
同時透	個
同時透	國
同時透	家
同時透	公
同時透	高
同時透	工
同時透	果
萬次	以上
萬次	以上的
萬次	衣裳
萬次	移上
萬次	印上
萬次	殷商
萬次	迎上
萬次	引上
蘇巧	會
蘇巧	後
蘇巧	和
蘇巧	好
蘇巧	很
蘇巧	還
蘇巧	行
蘇巧	合
台灣	發
台灣	法
台灣	分
台灣	方
台灣	府
台灣	非
台灣	費
台灣	服
往好萊	我
往好萊	為
往好萊	於
往好萊	文
往好萊	外
往好萊	我們
往好萊	無
往好萊	問
飛機被	發明
飛機被	法名
飛機被	發明人
飛機被	發明家
飛機被	發明者
飛機被	芳名
飛機被	方面
飛機被	販賣
不代表	權
不代表	去
不代表	其
不代表	前
不代表	起
不代表	期
不代表	全
不代表	區
由官營	就
由官營	家
由官營	其
由官營	及
由官營	經
由官營	機
由官營	進
由官營	間
是氣候	變遷
是氣候	編曲
是氣候	便去
是氣候	扁鵲
是氣候	邊區
是氣候	變去
是氣候	變輕
是氣候	編起
與創作	立場
與創作	露出
與創作	流程
與創作	歷程
與創作	凌晨
與創作	列出
與創作	落差
與創作	連串
回收	在
回收	再
回收	載
回收	災
回收	仔
回收	栽
回收	宰
回收	在台
寄主植	物
寄主植	我
寄主植	為
寄主植	於
寄主植	文
寄主植	外
寄主植	我們
寄主植	無
日	報導
日	報到
日	報答
日	報單
日	報德
日	寶島
日	保單
日	暴動
在培養	醫生
在培養	一生
在培養	一聲
在培養	應聲
在培養	營生
在培養	佾生
在培養	一聲聲
在培養	一聲令下
國姓名	條件
國姓名	統計
國姓名	推薦
國姓名	投機
國姓名	途徑
國姓名	提及
國姓名	團結
國姓名	體積
資優	是
資優	勢
資優	時
資優	上
資優	所
資優	十
資優	生
資優	說
士林	也是
士林	野生
士林	夜市
士林	耶穌
士林	野獸
士林	野手
士林	夜色
士林	也似
評	間
評	建
評	見
評	件
評	檢
評	簡
評	健
評	將
廣播電	台
廣播電	他
廣播電	天
廣播電	體
廣播電	鐵
廣播電	梯
廣播電	提
廣播電	題
士林	也是
士林	夜市
士林	業師
士林	野史
士林	野食
士林	夜市裡
士林	葉石濤
士林	夜視鏡
精確監	策
精確監	測
精確監	參
精確監	冊
精確監	曾
精確監	側
精確監	層
精確監	廁
運動精	應
運動精	影
運動精	營
運動精	英
運動精	景
運動精	迎
運動精	硬
運動精	映
國民	主
國民	政
國民	在
國民	這
國民	中
國民	自
國民	之
國民	子
最	高齡
最	高了
最	高樓
最	管理
最	古老
最	鼓勵
最	高粱
最	高爐
任滿不	列入
任滿不	利潤
任滿不	例如
任滿不	老人
任滿不	利人
任滿不	六日
任滿不	令人
任滿不	良人
全球晶	員
全球晶	院
全球晶	原
全球晶	元
全球晶	園
全球晶	源
全球晶	遠
全球晶	願
祖屈指	藝術
祖屈指	也是
祖屈指	一時
祖屈指	意思
祖屈指	以上
祖屈指	預算
祖屈指	有時
祖屈指	於是
一選舉	投票
一選舉	頭皮
一選舉	偷拍
一選舉	偷跑
一選舉	投票權
一選舉	投票率
一選舉	投票所
一選舉	投票人
騷	人
騷	如
騷	日
騷	然
騷	入
騷	女
騷	任
騷	認
法阻止	所以
法阻止	所有
法阻止	所有的
法阻止	所以在
法阻止	所有人
法阻止	所以有
法阻止	所言
法阻止	索引
一次為	現
一次為	先
一次為	洗
一次為	見
一次為	現在
一次為	香
一次為	線
一次為	縣
方向與	實際
方向與	世界
方向與	時間
方向與	設計
方向與	神經
方向與	實踐
方向與	世紀
方向與	事件
三峽卓	是否
三峽卓	十分
三峽卓	是非
三峽卓	市府
三峽卓	示範
三峽卓	師傅
三峽卓	師範
三峽卓	師父
看	起來
看	起了
看	起立
看	起落
看	強烈
看	前來
看	潛力
看	侵略
視網膜	籌組
視網膜	抽中
視網膜	綢子
視網膜	抽走
視網膜	酬載
視網膜	酬酢
視網膜	愁滋味
視網膜	抽皺
也	不
也	部
也	不要
也	不會
也	不是
也	步
也	布
也	補
連下水	也不能
連下水	也不
連下水	也把
連下水	也罷
連下水	夜班
連下水	夜半
連下水	業報
連下水	葉柄
控制了	火箭
控制了	火剪
控制了	獲獎
控制了	火箭炮
控制了	火箭隊
控制了	火箭彈
控制了	獲獎人
控制了	火箭筒
必定下	於
必定下	與
必定下	育
必定下	語
必定下	預
必定下	說
必定下	員
必定下	域
台灣	經濟
台灣	經紀
台灣	經濟部
台灣	競技
台灣	經濟學
台灣	境界
台灣	經建
台灣	荊棘
林郁婷	創
林郁婷	床
林郁婷	搶
林郁婷	窗
林郁婷	撞
林郁婷	創作
林郁婷	闖
林郁婷	創造
置及人	才
置及人	財
置及人	採
置及人	材
置及人	彩
置及人	菜
置及人	蔡
置及人	才能
在日	本
在日	本席
在日	本人
在日	奔
在日	本來
在日	笨
在日	本能
在日	本年
年代	之
年代	只
年代	知
年代	至
年代	制
年代	指
年代	直
年代	治
為戰略	物資
為戰略	屋子
為戰略	兀自
為戰略	舞姿
為戰略	污漬
為戰略	五子
為戰略	伍茲
為戰略	五字
部主管	法規
部主管	犯規
部主管	罰跪
部主管	法櫃奇兵
部主管	番鬼
部主管	法官
部主管	法國
部主管	法鼓
勤者體	工
勤者體	個
勤者體	供
勤者體	國
勤者體	家
勤者體	過
勤者體	公
勤者體	高
文化	特
文化	特別
文化	特色
文化	特殊
文化	騰
文化	特定
文化	疼
文化	特性
台積電	裝置
台積電	專注
台積電	莊子
台積電	轉載
台積電	轉折
台積電	專責
台積電	專制
台積電	轉診
座移民	知道
座移民	制度
座移民	值得
座移民	直到
座移民	指導
座移民	質的
座移民	指定
座移民	制定
訊中心	韓國
訊中心	回顧
訊中心	很高
訊中心	合格
訊中心	回歸
訊中心	涵蓋
訊中心	回國
訊中心	後果
紙	風
紙	豐
紙	封
紙	峰
紙	鳳
紙	奉
紙	鋒
紙	逢
與	工運
與	公園
與	工業
與	工友
與	供應
與	公益
與	共有
與	公寓
美軍	現
美軍	先
美軍	見
美軍	線
美軍	縣
美軍	顯
美軍	限
美軍	想
母	公司
母	公私
母	公私立
母	公司法
母	公司裡
母	公司債
母	公司貨
母	公私不分
聯合	學
聯合	下
聯合	行
聯合	心
聯合	現
聯合	新
聯合	還
聯合	小
物生產	能力
物生產	能量
物生產	能來
物生產	能留
物生產	能留則留
物生產	能量不滅
物生產	能量不滅定律
物生產	能量守恆定律
人順利	頭
人順利	投
人順利	透
人順利	偷
人順利	透過
人順利	投資
人順利	投入
人順利	投票
億	沒有
億	美元
億	美意
億	美語
億	美譽
億	貿易
億	每一
億	滿意
程自製	文學
程自製	我想
程自製	危險
程自製	威脅
程自製	文獻
程自製	無線
程自製	衛星
程自製	無限
關鍵	評論
關鍵	評量
關鍵	平路
關鍵	坪林
關鍵	平了
關鍵	評論家
關鍵	評理
關鍵	蘋果綠
台灣五	十
台灣五	是
台灣五	世
台灣五	時
台灣五	事
台灣五	實
台灣五	市
台灣五	提
運動現	出
運動現	存
運動現	場
運動現	成
運動現	此
運動現	長
運動現	次
運動現	重
民透過	社區
民透過	升起
民透過	申請
民透過	升遷
民透過	升旗
民透過	社群
民透過	生氣
民透過	神奇
民失去	時間
民失去	設計
民失去	實際
民失去	事件
民失去	十九
民失去	十幾
民失去	數據
民失去	手機
仍需依	會
仍需依	後
仍需依	和
仍需依	好
仍需依	很
仍需依	還
仍需依	行
仍需依	合
位	於
位	我
位	為
位	文
位	外
位	我們
位	無
位	問
他在花	連
他在花	聯
他在花	練
他在花	兩
他在花	臉
他在花	量
他在花	蓮
他在花	戀
對	船隻
對	創制
對	傳旨
對	創製
對	穿著
對	傳真
對	船長
對	船主
威士忌	就不
威士忌	就把
威士忌	九百
威士忌	就不會
威士忌	酒吧
威士忌	就不是
威士忌	就不能
威士忌	舊版
深達兩	層樓
深達兩	層高
深達兩	層流
深達兩	層理
深達兩	差額
深達兩	錯愕
深達兩	醜惡
深達兩	刺耳
智慧	發現
智慧	分析
智慧	發行
智慧	方向
智慧	分享
智慧	風險
智慧	飛行
智慧	復興
兩者	一
兩者	有
兩者	以
兩者	要
兩者	也
兩者	於
兩者	與
兩者	說
開箱	了
開箱	來
開箱	理
開箱	力
開箱	裡
開箱	立
開箱	路
開箱	利
了現代	會
了現代	後
了現代	和
了現代	好
了現代	很
了現代	還
了現代	行
了現代	合
一個山	老師
一個山	老鼠
一個山	老實
一個山	老是
一個山	老少
一個山	牢騷
一個山	老實說
一個山	老式
出映像	關
出映像	觀
出映像	管
出映像	官
出映像	館
出映像	光
出映像	慣
出映像	冠
小時內	會不會
小時內	回報
小時內	會報
小時內	迴避
小時內	揮別
小時內	繪本
小時內	彙編
小時內	灰白
小庄一	委員
小庄一	位元
小庄一	位移
小庄一	位於
小庄一	我也
小庄一	唯一
小庄一	我有
小庄一	我要
年人	口
年人	扣
年人	口氣
年人	口味
年人	口袋
年人	口頭
年人	口感
年人	口水
錄就要	報稅
錄就要	保稅
錄就要	保稅倉庫
錄就要	保守
錄就要	報社
錄就要	寶石
錄就要	飽受
錄就要	包商
街清光	學
街清光	線
街清光	下
街清光	行
街清光	心
街清光	現
街清光	新
街清光	還
北案例	研
北案例	演
北案例	言
北案例	驗
北案例	眼
北案例	嚴
北案例	樣
北案例	延
公共	員
公共	運
公共	雲
公共	允
公共	孕
公共	韻
公共	云
公共	運動
並不	經
並不	更
並不	境
並不	精
並不	景
並不	警
並不	競
並不	竟
末北台	灣
末北台	為
末北台	於
末北台	我
末北台	文
末北台	外
末北台	我們
末北台	無
修剪	法
修剪	發
修剪	分
修剪	方
修剪	府
修剪	非
修剪	費
修剪	服
持銅像	節目
持銅像	居民
持銅像	寂寞
持銅像	金門
持銅像	見面
持銅像	機密
持銅像	金馬
持銅像	局面
主流舞	台
主流舞	台灣
主流舞	太
主流舞	台北
主流舞	態
主流舞	台北市
主流舞	泰
主流舞	台大
要跟	環保局
要跟	紅白機
要跟	黑白講
要跟	後半季
要跟	環保
要跟	還不
要跟	貨幣
要跟	好不
受歐美	影響
受歐美	影像
受歐美	英雄
受歐美	影響力
受歐美	影響到
受歐美	影戲
受歐美	映像
受歐美	迎新
科技競	爭
科技競	政
科技競	正
科技競	整
科技競	證
科技競	徵
科技競	症
科技競	爭取
不代表	權力
不代表	權利
不代表	全力
不代表	權利金
不代表	圈裡
不代表	權力結構
不代表	全力以赴
不代表	權力鬥爭
如果只	記者
如果只	建築
如果只	價值
如果只	競爭
如果只	機制
如果只	家長
如果只	接著
如果只	叫做
選舉票	估算
選舉票	果酸
選舉票	估算出
選舉票	骨髓
選舉票	姑蘇
選舉票	歸宿
選舉票	光速
選舉票	鬼祟
經	常
經	長
經	場
經	廠
經	唱
經	償
經	嘗
經	昌
資料與	出版
資料與	成本
資料與	傳播
資料與	初步
資料與	差別
資料與	籌備
資料與	從不
資料與	才不
網站	就
網站	家
網站	其
網站	及
網站	經
網站	機
網站	進
網站	間
美國	的
美國	大
美國	第
美國	獨
美國	到
美國	德
美國	都
美國	地
年產	值
年產	之
年產	只
年產	知
年產	至
年產	制
年產	指
年產	直
它們向	這
它們向	者
它們向	著
它們向	政
它們向	正
它們向	真
它們向	這個
它們向	哲
品書店	歷史
品書店	六十
品書店	理事
品書店	臨時
品書店	連署
品書店	糧食
品書店	六四
品書店	流失
要同時	在
要同時	這
要同時	中
要同時	自
要同時	之
要同時	子
要同時	作
要同時	主
亞洲男	是
亞洲男	時
亞洲男	上
亞洲男	所
亞洲男	十
亞洲男	生
亞洲男	說
亞洲男	事
延伸	個
延伸	國
延伸	家
延伸	過
延伸	公
延伸	高
延伸	工
延伸	果
穆亞與	新
穆亞與	現
穆亞與	下
穆亞與	希
穆亞與	小
穆亞與	西
穆亞與	學
穆亞與	行
推動	政黨
推動	正當
推動	正當的
推動	整檔
推動	整黨
推動	政黨政治
推動	正當理由
推動	正當中
來像雲	的
來像雲	大
來像雲	到
來像雲	都
來像雲	地
來像雲	得
來像雲	對
來像雲	多
潮	就
潮	家
潮	其
潮	及
潮	經
潮	機
潮	進
潮	間
接近或	他
接近或	台
接近或	天
接近或	體
接近或	提
接近或	題
接近或	同
接近或	她
環境部	資源循環署
環境部	資源
環境部	自願
環境部	子曰
環境部	自語
環境部	自娛
環境部	自願性
環境部	紫雲
向報關	也
向報關	業
向報關	意
向報關	夜
向報關	野
向報關	葉
向報關	頁
向報關	射
收	全部
收	確保
收	七百
收	卻不
收	全不
收	情報
收	區別
收	豈不
寧可	分
寧可	法
寧可	發
寧可	方
寧可	府
寧可	非
寧可	費
寧可	服
雖然	是在
雖然	甚至
雖然	實在
雖然	隨著
雖然	數字
雖然	市長
雖然	設置
雖然	市政
第一顆	去
第一顆	其
第一顆	前
第一顆	起
第一顆	期
第一顆	全
第一顆	區
第一顆	將
米	能
米	年
米	你
米	那
米	內
米	女
米	兒
米	難
與	貨幣
與	夥伴
與	伙伴
與	獲頒
與	火把
與	火爆
與	霍布斯
與	活版
月	心
月	新
月	信
月	行
月	性
月	尋
月	形
月	辛
再生能	有
再生能	說
再生能	用
再生能	因
再生能	與
再生能	研
再生能	一
再生能	預
並無安	置
並無安	之
並無安	只
並無安	知
並無安	至
並無安	制
並無安	指
並無安	直
委選舉	一
委選舉	有
委選舉	以
委選舉	要
委選舉	也
委選舉	於
委選舉	與
委選舉	說
三七三	公
三七三	工
三七三	共
三七三	供
三七三	功
三七三	紅
三七三	攻
三七三	宮
賴特定	其
賴特定	及
賴特定	機
賴特定	期
賴特定	計
賴特定	己
賴特定	給
賴特定	基
寶春麥	方
寶春麥	放
寶春麥	防
寶春麥	房
寶春麥	訪
寶春麥	芳
寶春麥	方式
寶春麥	妨
蹤系統	可以
蹤系統	刻意
蹤系統	可以說
蹤系統	課業
蹤系統	可用
蹤系統	客運
蹤系統	可疑
蹤系統	可以說是
在原	著
在原	主
在原	助
在原	住
在原	注
在原	屬
在原	築
在原	竹
另一位	網頁
另一位	網友
另一位	望遠
另一位	望遠鏡
另一位	王永慶
另一位	汪洋
另一位	王爺
另一位	往右
年	離婚
年	靈魂
年	離婚率
年	聯婚
年	連混
年	硫化鈉
年	離婚協議書
年	聯會
話完整	裝飾
話完整	專屬
話完整	轉身
話完整	裝設
話完整	專書
話完整	轉述
話完整	裝上
話完整	撞死
何吸引	年輕人
何吸引	年輕
何吸引	年前
何吸引	年期
何吸引	年青
何吸引	念起
何吸引	娘娘腔
何吸引	娘親
闖奧運	晶片
闖奧運	金牌
闖奧運	精品
闖奧運	紀念品
闖奧運	敬佩
闖奧運	緊迫
闖奧運	浸泡
闖奧運	精闢
國際商	人
國際商	如
國際商	日
國際商	然
國際商	入
國際商	女
國際商	任
國際商	認
制裁持	續
制裁持	學
制裁持	下
制裁持	行
制裁持	心
制裁持	現
制裁持	新
制裁持	還
共同推	的
共同推	動
共同推	大
共同推	到
共同推	都
共同推	地
共同推	得
共同推	對
眼球	最
眼球	在
眼球	這
眼球	總
眼球	中
眼球	自
眼球	之
眼球	子
元	前作
元	起租
元	起坐
元	七座
元	起作用
元	七嘴八舌
元	輕罪
元	親族
運動	就把
運動	酒吧
運動	九百
運動	舊版
運動	九八四
運動	九八三
運動	九班
運動	究辦
情感	在
情感	這
情感	中
情感	自
情感	之
情感	子
情感	作
情感	主
台灣	領導人
台灣	領隊人
台灣	領導
台灣	零點
台灣	領隊
台灣	領到
台灣	領帶
台灣	靈丹
各種	口味
各種	口味重
各種	口味淡
各種	口吻
各種	口外
各種	口誤
各種	叩問
各種	口
次換方	行
次換方	向
次換方	形
次換方	學
次換方	下
次換方	心
次換方	現
次換方	新
台經	月刊
台經	月考
台經	約克
台經	約克夏
台經	愈快愈好
台經	餘額
台經	員額
台經	魚兒
美化	人士
美化	認識
美化	人生
美化	人數
美化	人事
美化	忍受
美化	人身
美化	人手
魚人工	法
魚人工	發
魚人工	分
魚人工	方
魚人工	府
魚人工	非
魚人工	費
魚人工	服
紀念	去
紀念	其
紀念	前
紀念	起
紀念	期
紀念	全
紀念	區
紀念	將
術系任	教
術系任	校
術系任	覺
術系任	較
術系任	教育
術系任	交
術系任	角
術系任	叫
就	是
就	算
就	時
就	上
就	所
就	十
就	生
就	說
升	機
升	級
升	就
升	家
升	降
升	其
升	及
升	經
水果王	國
水果王	家
水果王	個
水果王	貴
水果王	過
水果王	公
水果王	高
水果王	工
在固定	電
在固定	點
在固定	店
在固定	典
在固定	電腦
在固定	電視
在固定	電子
在固定	殿
三層是	人
三層是	日
三層是	讓
三層是	熱
三層是	瑞
三層是	如
三層是	然
三層是	入
雲端服	務
雲端服	於
雲端服	無
雲端服	五
雲端服	物
雲端服	午
雲端服	舞
雲端服	吳
有公共	安全
有公共	安全的
有公共	安全性
有公共	案情
有公共	安全感
有公共	安全帽
有公共	安親班
有公共	安琪
完後點	電台
完後點	電梯
完後點	點頭
完後點	殿堂
完後點	店頭
完後點	電梯裡
完後點	電梯門
完後點	店頭市場
不諳製	查
不諳製	差
不諳製	長
不諳製	察
不諳製	場
不諳製	產
不諳製	常
不諳製	茶
拳擊四	後
拳擊四	候
拳擊四	厚
拳擊四	后
拳擊四	猴
拳擊四	侯
拳擊四	後來
拳擊四	喉
進步黨	國家
進步黨	國際
進步黨	根據
進步黨	感覺
進步黨	工具
進步黨	攻擊
進步黨	關鍵
進步黨	估計
特	別是
特	博士
特	不是
特	表示
特	北市
特	八十
特	別說
特	不少
部分	老舊
部分	老酒
部分	老街
部分	老家
部分	牢記
部分	老將
部分	老幾
部分	勞駕
而是	交
而是	教
而是	覺
而是	較
而是	校
而是	角
而是	叫
而是	腳
席慕蓉	本名
席慕蓉	本末
席慕蓉	奔命
席慕蓉	本末倒置
席慕蓉	奔忙
席慕蓉	本命
席慕蓉	奔馬
席慕蓉	賁門
停止	經濟
停止	基金
停止	解決
停止	積極
停止	即將
停止	九九
停止	拒絕
停止	接近
交通局	英文
交通局	英文字
交通局	英文版
交通局	英文系
交通局	英文課
交通局	英文書
交通局	英文會話
交通局	應該
工程	是
工程	師
工程	時
工程	十
工程	事
工程	實
工程	市
工程	提
獎頒獎	大陸
獎頒獎	到了
獎頒獎	獨立
獎頒獎	帶來
獎頒獎	道路
獎頒獎	大量
獎頒獎	大樓
獎頒獎	道理
術團隊	為
術團隊	位
術團隊	委
術團隊	未
術團隊	維
術團隊	味
術團隊	衛
術團隊	謂
兩層樓	的
兩層樓	地
兩層樓	得
兩層樓	德
兩層樓	等
兩層樓	的話
兩層樓	第二
兩層樓	登
中年	左
中年	組
中年	作
中年	族
中年	足
中年	最
中年	做
中年	祖
用外送	平台
用外送	平臺式掃描器
用外送	平坦
用外送	平添
用外送	平頭
用外送	平躺
用外送	娉婷
用外送	憑眺
刮起狂	風
刮起狂	豐
刮起狂	封
刮起狂	峰
刮起狂	鳳
刮起狂	奉
刮起狂	鋒
刮起狂	逢
們來自	同意
們來自	統一
們來自	同一
們來自	同一個
們來自	同義
們來自	同音
們來自	通譯
們來自	同意權
一桌新	台北
一桌新	特別
一桌新	台幣
一桌新	他不
一桌新	同步
一桌新	逃避
一桌新	投保
一桌新	通報
新	竹
新	主
新	著
新	助
新	住
新	注
新	屬
新	築
歌	和
歌	會
歌	後
歌	好
歌	很
歌	還
歌	行
歌	合
灣眼前	已經
灣眼前	一經
灣眼前	液晶
灣眼前	已經有
灣眼前	意境
灣眼前	已經是
灣眼前	已經在
灣眼前	易經
最後一	人
最後一	任
最後一	認
最後一	仁
最後一	忍
最後一	仍
最後一	認為
最後一	人員
等人進	入團
等人進	入土
等人進	軟體
等人進	如同
等人進	如圖
等人進	乳頭
等人進	乳糖
等人進	軟土
年漁	業
年漁	也
年漁	意
年漁	夜
年漁	野
年漁	葉
年漁	業者
年漁	頁
而是	直播
而是	指標
而是	直撥
而是	直把
而是	指北
而是	職棒
而是	直奔
而是	只不過
是它有	多
是它有	度
是它有	多麼
是它有	多的
是它有	多人
是它有	奪
是它有	多少
是它有	朵
也就	一道道
也就	引導到
也就	移到
也就	一道
也就	一旦
也就	一代
也就	引導
也就	陰道
萬餘人	在
萬餘人	這
萬餘人	之
萬餘人	作
萬餘人	知
萬餘人	中
萬餘人	則
萬餘人	最
年份依	學
年份依	下
年份依	行
年份依	心
年份依	現
年份依	新
年份依	還
年份依	小
逾一千	四百
逾一千	肆佰
逾一千	四百三
逾一千	四百元
逾一千	四百個
逾一千	四百塊
逾一千	四百人
逾一千	死不
在賽	的
在賽	地
在賽	得
在賽	德
在賽	等
在賽	的話
在賽	的問題
在賽	第二
本	們
本	漫
本	沒
本	麼
本	民
本	面
本	目
本	美
甘地更	相信
甘地更	想像
甘地更	詳細
甘地更	想想
甘地更	鄉下
甘地更	詳細的
甘地更	想像力
甘地更	向下
業務	反
業務	方
業務	範
業務	翻
業務	飯
業務	犯
業務	放
業務	繁
內門	們
內門	沒
內門	麼
內門	民
內門	面
內門	目
內門	美
內門	明
要同時	政
要同時	正
要同時	整
要同時	爭
要同時	證
要同時	徵
要同時	症
要同時	政府
有一種	存在
有一種	創作
有一種	成長
有一種	創造
有一種	財政
有一種	操作
有一種	車子
有一種	車站
為競爭	有時
為競爭	有所
為競爭	有時候
為競爭	優勢
為競爭	又是
為競爭	有說
為競爭	有事
為競爭	右手
收	錄
收	路
收	陸
收	露
收	論
收	魯
收	落
收	爐
相同記	是
相同記	時
相同記	上
相同記	所
相同記	十
相同記	生
相同記	說
相同記	事
一詞源	自
一詞源	子
一詞源	資
一詞源	自己
一詞源	字
一詞源	自由
一詞源	自然
一詞源	自己的
成成功	紀念物
成成功	今年
成成功	紀念
成成功	幾年
成成功	九年
成成功	近年
成成功	技能
成成功	機能
萬	工具
萬	攻擊
萬	供給
萬	公斤
萬	共計
萬	公家
萬	公教
萬	恭敬
簽	的
簽	大
簽	到
簽	都
簽	地
簽	得
簽	對
簽	多
統可以	經
統可以	更
統可以	境
統可以	精
統可以	景
統可以	警
統可以	競
統可以	竟
速現代	化
速現代	話
速現代	畫
速現代	花
速現代	華
速現代	還
速現代	劃
速現代	環
登錄資	料
登錄資	了
登錄資	療
登錄資	聊
登錄資	瞭
登錄資	廖
登錄資	了解
登錄資	僚
萬	公
萬	工
萬	共
萬	供
萬	功
萬	紅
萬	攻
萬	宮
人格教	育
人格教	一
人格教	員
人格教	友
人格教	有
人格教	以
人格教	養
人格教	要
業勢與	個
業勢與	國
業勢與	高
業勢與	工
業勢與	管
業勢與	家
業勢與	廣
業勢與	過
民黨主	席
民黨主	小
民黨主	線
民黨主	學
民黨主	下
民黨主	行
民黨主	心
民黨主	現
年立	於
年立	我
年立	為
年立	文
年立	外
年立	我們
年立	無
年立	問
則	比
則	必
則	筆
則	表
則	並
則	避
則	畢
則	幣
去	接
去	解
去	結
去	界
去	節
去	介
去	階
去	街
蛋塔	校園
蛋塔	效益
蛋塔	效應
蛋塔	校友
蛋塔	小雅
蛋塔	效用
蛋塔	小一
蛋塔	小於
與帶	接
與帶	解
與帶	結
與帶	界
與帶	節
與帶	介
與帶	階
與帶	街
的影響	而
的影響	阿
的影響	二
的影響	額
的影響	惡
的影響	兒
的影響	爾
的影響	俄
機尖峰	用電
機尖峰	用地
機尖峰	用到
機尖峰	用掉
機尖峰	勇奪
機尖峰	用度
機尖峰	擁戴
機尖峰	甬道
年也	喜歡
年也	小孩
年也	協會
年也	學會
年也	相會
年也	相互
年也	相合
年也	循環
慕蓉在	哈哈
慕蓉在	華航
慕蓉在	回合
慕蓉在	火花
慕蓉在	很好
慕蓉在	後會
慕蓉在	好好
慕蓉在	後悔
衛	府
衛	服
衛	負
衛	父
衛	福
衛	夫
衛	復
衛	富
生	於
生	物
生	我
生	為
生	文
生	外
生	我們
生	無
使用	天然
使用	天人
使用	天然氣
使用	天日
使用	填入
使用	天然的
使用	天壤
使用	提案人
也能	在
也能	從
也能	這
也能	中
也能	自
也能	之
也能	子
也能	作
第	一種
第	一忠
第	一中一台
第	倚重
第	乙種
第	役種
第	義塚
第	蟻塚
翅展	可達
翅展	科大
翅展	可大
翅展	柯達
翅展	可當
翅展	可到
翅展	坑道
翅展	可擋
連結已	失效
連結已	失笑
連結已	時效
連結已	實小
連結已	實效
連結已	試銷
連結已	十小時
連結已	失笑起來
回	生
回	是
回	收
回	時
回	上
回	所
回	十
回	說
營收	創
營收	床
營收	搶
營收	窗
營收	撞
營收	創作
營收	闖
營收	創造
全台	進入
全台	加入
全台	金融
全台	家人
全台	及人
全台	既然
全台	今日
全台	居然
它	說
它	月
它	樂
它	約
它	越
它	閱
它	曰
它	躍
政黨	提出
政黨	推出
政黨	通常
政黨	題材
政黨	停車
政黨	退出
政黨	天才
政黨	陶瓷
積極的	計量
積極的	技倆
積極的	精良
積極的	劑量
積極的	減量
積極的	盡量
積極的	儘量
積極的	幾兩
但工程	由於
但工程	一樣
但工程	音樂
但工程	意義
但工程	也有
但工程	語言
但工程	醫院
但工程	原因
後捲成	原則
後捲成	院長
後捲成	原住民
後捲成	原子
後捲成	援助
後捲成	源自
後捲成	院子
後捲成	原作
人	打鼓
人	大規模
人	大國
人	打過
人	打穀
人	打滾
人	大冠鷲
人	大股
現步道	損壞
現步道	損壞率
現步道	損害
現步道	所能
現步道	嗩吶
現步道	孫女
現步道	損毀
現步道	損耗
臺灣漁	業
臺灣漁	一
臺灣漁	有
臺灣漁	以
臺灣漁	要
臺灣漁	也
臺灣漁	於
臺灣漁	與
功能讓	媽媽
功能讓	慢慢
功能讓	妹妹
功能讓	秘密
功能讓	默默
功能讓	買賣
功能讓	密碼
功能讓	莫名
