phone	prefix	r
phone	prefix	re
phone	prefix	rec
phone	prefix	reco
phone	prefix	recor
phone	prefix	record
phone	prefix	recordk
phone	prefix	recordke
phone	prefix	recordkee
phone	prefix	recordkeep
phone	prefix	recordkeepi
phone	prefix	recordkeepin
phone	prefix	recordkeeping
phone	prefix	d
phone	prefix	dh
phone	prefix	dhy
phone	prefix	da
phone	prefix	dar
phone	prefix	daru
phone	prefix	h
phone	prefix	ha
phone	prefix	han
phone	prefix	l
phone	prefix	la
phone	prefix	lan
phone	prefix	lanu
phone	prefix	le
phone	prefix	lei
phone	prefix	leil
phone	prefix	leila
phone	prefix	leilan
phone	prefix	leilang
phone	prefix	hao
phone	prefix	haoh
phone	prefix	haohz
phone	prefix	haohzh
phone	prefix	haohzhi
phone	prefix	haohzhix
phone	prefix	q
phone	prefix	qi
phone	prefix	qia
phone	prefix	qian
phone	prefix	qiang
phone	prefix	qiangh
phone	prefix	qianghu
phone	prefix	qianghua
