development	full	bushezhengzhitanpan	不涉政治談判	knowledge/Society/2026鄭習會與國共十年再會.md
development	full	niandaihoushoudaogongzishangsheng	年代後受到工資上升	knowledge/History/高雄加工出口區.md
development	full	nianduanwujigaoda	年端午季高達	knowledge/Food/粽子.md
development	full	qianzongse	淺棕色	knowledge/Food/粽子.md
development	full	nianzaicimianlinshengsikaoyan	年再次面臨生死考驗	knowledge/Nature/台灣海洋生態.md
development	full	shipinanquan	食品安全	knowledge/Food/台灣麵包與烘焙.md
development	full	kerenjianfangwen	柯仁堅訪問	knowledge/Music/濁水溪公社.md
development	full	jiashedianxian	架設電線	knowledge/History/台灣海洋貿易史.md
development	full	duoguanjingguo	奪冠經過	knowledge/Food/台灣麵包與烘焙.md
development	full	quebuguidingzuixiaozhixuemianji	卻不規定最小植穴面積	knowledge/Lifestyle/台灣行道樹.md
development	full	waixiaodao	外銷到	knowledge/History/高雄加工出口區.md
development	full	shuguanfuda	樹冠幅達	knowledge/Lifestyle/台灣行道樹.md
development	full	xuanjuxilie	選舉系列	knowledge/Politics/投票權門檻歷史.md
development	full	taiwanliaolihenshaobajiangyoufangzaijuguangdengxia	台灣料理很少把醬油放在聚光燈下	knowledge/Food/醬油.md
development	full	zuijiataiyuzhuanji	最佳台語專輯	knowledge/Music/濁水溪公社.md
development	full	gongyequ	工業區	knowledge/Geography/桃園埤塘.md
development	full	xiangzhenxunyanhou	鄉鎮巡演後	knowledge/Art/紙風車劇團.md
development	full	suoyoulaiyuanjunzhixiangjutiwenzhangye	所有來源均指向具體文章頁	knowledge/Food/醬油.md
development	full	woguoyoubaowupinjinchukoutongguanbanfa	我國郵包物品進出口通關辦法	knowledge/Lifestyle/台灣海關報關制度與EZWAY.md
development	full	bushiyinweibuliuli	不是因為不流利	knowledge/Culture/台灣華語的演化.md
development	full	kejiaweiyuanhui	客家委員會	knowledge/Geography/桃園埤塘.md
development	full	zhengfuyangekongzhizhangnaomaoyi	政府嚴格控制樟腦貿易	knowledge/History/台灣海洋貿易史.md
development	full	waitaiwenhuachang	外台文化場	knowledge/Art/歌仔戲.md
development	full	bingwangyuweihuxitongjianchulai	併網與維護系統建出來	knowledge/Technology/台灣的電力與半導體.md
development	full	jieheqixiangziliao	結合氣象資料	knowledge/Nature/台灣步道文化與公民守護.md
development	full	lanweiyutuidongtoumingguifan	藍委籲推動透明規範	knowledge/Society/2026年分科爭議.md
development	full	shiwangmochouzu	視網膜籌組	knowledge/Politics/歡樂無法黨.md
development	full	zhichengshinanxingzhuliumingzikao	志成是男性主流名字考	knowledge/Culture/菜市場名.md
development	full	suyantu	蘇彥圖	knowledge/Politics/中選會制度.md
development	full	tingzhijunjijiansaorao	停止軍機艦騷擾	knowledge/Society/2026鄭習會與國共十年再會.md
development	full	zhiyujingcha	支語警察	knowledge/Culture/台灣華語的演化.md
development	full	yinliaofengmoji	飲料封膜機	knowledge/Culture/台灣茶文化.md
development	full	ningkefuchu	寧可付出	knowledge/Politics/中選會制度.md
development	full	mingmingyongyoutoupiaoquan	明明擁有投票權	knowledge/Politics/台灣不在籍投票.md
development	full	tianjintiaoyue	天津條約	knowledge/History/台灣海洋貿易史.md
development	full	tangjihede	唐吉訶德	knowledge/Art/紙風車劇團.md
development	full	woxianglaixiangqu	我想來想去	knowledge/Technology/電子商務與數位支付生態系.md
development	full	shiyinweitaganghaozhanzaiyigezhuanzhedianshang	是因為它剛好站在一個轉折點上	knowledge/History/淡江中學.md
development	full	ruguobatadangzuoyigezhengdang	如果把它當作一個政黨	knowledge/Politics/歡樂無法黨.md
development	full	shuilitiaojiangaishan	水利條件改善	knowledge/Geography/桃園埤塘.md
development	full	taibeishiwenhuajuziliaozhichu	臺北市文化局資料指出	knowledge/Art/歌仔戲.md
development	full	qunianjinrigetaiwan	去年今日割台灣	knowledge/Art/日治時期文學.md
development	full	ganxiezuxian	感謝祖先	knowledge/Food/粽子.md
development	full	niantaoyuanguanlichuyi	年桃園管理處以	knowledge/Geography/桃園埤塘.md
development	full	disangewentishianquanyukongjian	第三個問題是安全與空間	knowledge/Lifestyle/台灣YouBike文化與城市微交通革命.md
development	full	dongningwangguoyuriben	東寧王國與日本	knowledge/History/台灣海洋貿易史.md
development	full	cishidaikeji	次世代科技	knowledge/Technology/Computex.md
development	full	duiyingmingzuikuosan	對應名嘴擴散	knowledge/Society/毒馬鈴薯認知作戰.md
development	full	mugongsi	母公司	knowledge/Technology/電子商務與數位支付生態系.md
development	full	ziyangweidong	字樣未動	knowledge/Politics/投票權門檻歷史.md
development	full	shidongzhe	施動者	knowledge/Culture/台灣人小時候的英文名字.md
development	full	wubaochun	吳寶春	knowledge/Food/台灣麵包與烘焙.md
development	full	wubaochun	吳寶春	knowledge/Food/台灣麵包與烘焙.md
development	full	zhuizongxitongkeyijingquejiancebudaoshiyongzhuangkuang	追蹤系統可以精確監測步道使用狀況	knowledge/Nature/台灣步道文化與公民守護.md
development	full	liusukedameixiaoshi	流速可達每小時	knowledge/Nature/台灣海洋生態.md
development	full	suiranyongriwenshuxie	雖然用日文書寫	knowledge/Art/日治時期文學.md
development	full	yenengrang	也能讓	knowledge/Lifestyle/台灣YouBike文化與城市微交通革命.md
development	full	kechengren	可承認	knowledge/History/淡江中學.md
development	full	juliyewaimiejuejinyibuzhiyao	距離野外滅絕僅一步之遙	knowledge/Nature/台灣海洋生態.md
development	full	guanfangwangzhan	官方網站	knowledge/Food/台灣麵包與烘焙.md
development	full	ribenrenzuihouyiren	日本人最後一任	knowledge/Culture/台灣茶文化.md
development	full	qudonglilaiziyuezhan	驅動力來自越戰	knowledge/Politics/投票權門檻歷史.md
development	full	duanjuliyidong	短距離移動	knowledge/Lifestyle/台灣YouBike文化與城市微交通革命.md
development	full	huazhanjiluyuchuangzuolicheng	畫展紀錄與創作歷程	knowledge/People/席慕蓉.md
development	initials	xjfz	先進封裝	knowledge/Technology/台灣的電力與半導體.md
development	initials	nzffc	年政府廢除	knowledge/Culture/台灣茶文化.md
development	initials	nlf	年立法	knowledge/Politics/中選會制度.md
development	initials	twrzlt	台灣人在論壇	knowledge/Culture/台灣華語的演化.md
development	initials	mgs	母公司	knowledge/Technology/電子商務與數位支付生態系.md
development	initials	zysb	自由時報	knowledge/Society/2026年分科爭議.md
development	initials	dymzks	對應名嘴擴散	knowledge/Society/毒馬鈴薯認知作戰.md
development	initials	xza	修正案	knowledge/Politics/投票權門檻歷史.md
development	initials	xza	修正案	knowledge/Politics/投票權門檻歷史.md
development	initials	xza	修正案	knowledge/Politics/投票權門檻歷史.md
development	initials	bxyggz	必須嚴格管制	knowledge/History/台灣海洋貿易史.md
development	initials	qgfgzlk	全國法規資料庫	knowledge/Politics/投票權門檻歷史.md
development	initials	tdyfjbtdyz	特定月份禁捕特定魚種	knowledge/Nature/台灣海洋生態.md
development	initials	rzscl	日正式成立	knowledge/History/高雄加工出口區.md
development	initials	wjwk	維基文庫	knowledge/Culture/台灣茶文化.md
development	initials	tygljycxz	同一個邏輯也出現在	knowledge/Lifestyle/台灣YouBike文化與城市微交通革命.md
development	initials	zyfxbdsh	只要發現步道損壞	knowledge/Nature/台灣步道文化與公民守護.md
development	initials	zsxz	戰時限制	knowledge/Art/歌仔戲.md
development	initials	yydyxymywh	語言多樣性與母語文化	knowledge/Culture/台灣華語的演化.md
development	initials	tstwbwljs	它是台灣把外來技術	knowledge/Food/醬油.md
development	initials	nysb	紐約時報	knowledge/People/林郁婷.md
development	initials	hmj	黃睦傑	knowledge/Food/粽子.md
development	initials	jss	技術上	knowledge/Technology/迷音Miin.md
development	initials	syyc	事業有成	knowledge/Culture/菜市場名.md
development	initials	zgjy	中國加一	knowledge/Technology/Computex.md
development	initials	xxmsswkd	詳細描述生物科第	knowledge/Society/2026年分科爭議.md
development	initials	txwhzw	天下文化專文	knowledge/People/林郁婷.md
development	initials	yscg	營收超過	knowledge/Lifestyle/307taipeibus.md
development	initials	byttt	不以陶談陶	knowledge/Art/鶯歌陶瓷博物館.md
development	initials	fgz	方格子	knowledge/Food/粽子.md
development	initials	dsgwtsaqykj	第三個問題是安全與空間	knowledge/Lifestyle/台灣YouBike文化與城市微交通革命.md
development	initials	khydtjp	客戶要低碳晶片	knowledge/Technology/台灣的電力與半導體.md
development	initials	xbslygtcbwgnb	新北市立鶯歌陶瓷博物館年報	knowledge/Art/鶯歌陶瓷博物館.md
development	initials	srgfwz	詩人官方網站	knowledge/People/席慕蓉.md
development	initials	thlxbh	統合路線編號	knowledge/Lifestyle/307taipeibus.md
development	initials	tzjjjsr	停止軍機艦騷擾	knowledge/Society/2026鄭習會與國共十年再會.md
development	initials	bzsbyxlxl	不只是把影像留下來	knowledge/Art/歌仔戲.md
development	initials	wcdyl	完成第一輪	knowledge/Art/紙風車劇團.md
development	initials	cgezp	粗獷而質樸	knowledge/Art/鶯歌陶瓷博物館.md
development	initials	twnbdkzbtbstbyk	台灣內部對抗中保台不是鐵板一塊	knowledge/Society/2026鄭習會與國共十年再會.md
development	initials	dsdqt	等三到七天	knowledge/Technology/電子商務與數位支付生態系.md
development	initials	styjsdmx	生態與技術等面向	knowledge/Geography/桃園埤塘.md
development	initials	dthlyzc	但他後來也指出	knowledge/Art/歌仔戲.md
development	initials	ysfpkqwrwzctxfx	鹽水蜂炮空氣污染物組成特性分析	knowledge/Culture/鹽水蜂炮.md
development	initials	bsf	不送分	knowledge/Society/2026年分科爭議.md
development	initials	bsf	不送分	knowledge/Society/2026年分科爭議.md
development	initials	zxjpgs	種選舉票估算	knowledge/Politics/台灣不在籍投票.md
development	initials	lbhmm	來保護媽媽	knowledge/People/林郁婷.md
development	initials	cjfy	潮嘉風月	knowledge/Culture/台灣茶文化.md
development	initials	srjfyzomr	雖然技法源自歐美日	knowledge/Food/台灣麵包與烘焙.md
development	initials	wjbk	維基百科	knowledge/Art/鶯歌陶瓷博物館.md
development	initials	hhsqf	合歡山群峰	knowledge/Nature/台灣步道文化與公民守護.md
development	initials	wskxz	威斯康辛州	knowledge/Technology/Computex.md
development	initials	che	蔡海恩	knowledge/Music/濁水溪公社.md
development	initials	xsgmc	小時改名潮	knowledge/Culture/菜市場名.md
development	initials	zysbzyltsbd	自由時報轉引路透社報導	knowledge/Society/2026鄭習會與國共十年再會.md
development	initials	zjjc	走進劇場	knowledge/Art/歌仔戲.md
development	initials	hrx	黃仁勳	knowledge/Technology/Computex.md
development	initials	zpcsfhm	主炮城施放畫面	knowledge/Culture/鹽水蜂炮.md
development	initials	wbc	吳寶春	knowledge/Food/台灣麵包與烘焙.md
development	initials	wbc	吳寶春	knowledge/Food/台灣麵包與烘焙.md
development	initials	dezscysj	第二種是產業時間	knowledge/Food/醬油.md
development	initials	jhly	交換利益	knowledge/Culture/菜市場名.md
development	initials	rbd	日報導	knowledge/Politics/歡樂無法黨.md
development	mixed	yyangzran	一樣自然	knowledge/Culture/台灣華語的演化.md
development	mixed	twanhbeijshuyjiujgou	台灣烘焙技術研究機構	knowledge/Food/台灣麵包與烘焙.md
development	mixed	rtongyge	讓同一個	knowledge/Lifestyle/307taipeibus.md
development	mixed	jbainlai	幾百年來	knowledge/History/羅發號事件與卓杞篤.md
development	mixed	kfazzai	開發者在	knowledge/Technology/台灣Game-Jam社群.md
development	mixed	yjihfusbixyinyjutkeg	以及回覆時必須引用具體課綱	knowledge/Society/2026年分科爭議.md
development	mixed	bwenwgaiz	本文未改作	knowledge/Politics/第一次總統直選.md
development	mixed	nmansbas	年滿十八歲	knowledge/Politics/投票權門檻歷史.md
development	mixed	wyouqxiaotpaizge	為由取消銅牌資格	knowledge/People/林郁婷.md
development	mixed	nzaicmianlshengskaoy	年再次面臨生死考驗	knowledge/Nature/台灣海洋生態.md
development	mixed	nkejzhu	寧可僵住	knowledge/Politics/中選會制度.md
development	mixed	kdez	靠得住	knowledge/People/林郁婷.md
development	mixed	hrenx	黃仁勳	knowledge/Technology/Computex.md
development	mixed	xshiznei	小時之內	knowledge/Society/台灣省籍矛盾.md
development	mixed	hnuom	或糯米	knowledge/Food/粽子.md
development	mixed	jtongb	交通部	knowledge/Lifestyle/台灣YouBike文化與城市微交通革命.md
development	mixed	pzhiyliang	品質優良	knowledge/History/台灣海洋貿易史.md
development	mixed	zguogmindzhux	中國國民黨主席	knowledge/Society/2026鄭習會與國共十年再會.md
development	mixed	zbianwjiehwencshangd	轉變為結合文創商店	knowledge/Art/鶯歌陶瓷博物館.md
development	mixed	xyixjia	現已下架	knowledge/Technology/台灣Game-Jam社群.md
development	mixed	yjixmingtlid	以及姓名條例第	knowledge/Culture/台灣人小時候的英文名字.md
development	mixed	zchouytianwshej	增稠與甜味設計	knowledge/Food/醬油.md
development	mixed	rjiaodnian	任教多年	knowledge/People/席慕蓉.md
development	mixed	szengz	艘增至	knowledge/Society/2026鄭習會與國共十年再會.md
development	mixed	twanbdaor	台灣步道日	knowledge/Nature/台灣步道文化與公民守護.md
development	mixed	ldengh	李登輝	knowledge/Politics/第一次總統直選.md
development	mixed	ldengh	李登輝	knowledge/Politics/第一次總統直選.md
development	mixed	jheqxiangzliao	結合氣象資料	knowledge/Nature/台灣步道文化與公民守護.md
development	mixed	jtizlian	集體自戀	knowledge/Society/毒馬鈴薯認知作戰.md
development	mixed	rjinryou	如今仍有	knowledge/Culture/菜市場名.md
development	mixed	lshihgu	歷史回顧	knowledge/Society/2026鄭習會與國共十年再會.md
development	mixed	jqiaozshigju	技巧只是工具	knowledge/People/席慕蓉.md
development	mixed	gkaizliao	公開資料	knowledge/Geography/桃園埤塘.md
development	mixed	jweijyou	加味醬油	knowledge/Food/醬油.md
development	mixed	gjujtongb	根據交通部	knowledge/Lifestyle/台灣YouBike文化與城市微交通革命.md
development	mixed	yzoujshuccao	演奏技術粗糙	knowledge/Music/濁水溪公社.md
development	mixed	zfub	政府把	knowledge/Lifestyle/台灣海關報關制度與EZWAY.md
development	mixed	czhanrbij	策展人筆記	knowledge/Society/2026年分科爭議.md
development	mixed	dsangwentshiaquanykongj	第三個問題是安全與空間	knowledge/Lifestyle/台灣YouBike文化與城市微交通革命.md
development	mixed	ndaihshoudgongzshangs	年代後受到工資上升	knowledge/History/高雄加工出口區.md
development	mixed	cshidkej	次世代科技	knowledge/Technology/Computex.md
development	mixed	wjibke	維基百科	knowledge/People/林郁婷.md
development	mixed	qwuwyuanh	僑務委員會	knowledge/Politics/台灣不在籍投票.md
development	mixed	sgongmquanxxianaweigguan	歲公民權修憲案未過關	knowledge/Politics/投票權門檻歷史.md
development	mixed	czonglguanw	菜粽李官網	knowledge/Food/粽子.md
development	mixed	wxianglxiangq	我想來想去	knowledge/Technology/電子商務與數位支付生態系.md
development	mixed	ztityifbu	主題統一發佈	knowledge/Technology/台灣Game-Jam社群.md
development	mixed	nqingjgongztaiwhou	年清軍攻佔台灣後	knowledge/History/台灣海洋貿易史.md
development	mixed	jtanyyaoqdianljiegzhuanx	減碳又要求電力結構轉型	knowledge/Technology/台灣的電力與半導體.md
development	mixed	eerbshij	二二八事件	knowledge/Society/台灣省籍矛盾.md
development	mixed	nshangs	年上市	knowledge/Lifestyle/台灣海關報關制度與EZWAY.md
development	mixed	gyings	供應商	knowledge/Technology/台灣的電力與半導體.md
development	mixed	gzhongmzhidlan	觀眾明知道爛	knowledge/Technology/台灣Game-Jam社群.md
development	mixed	xweismingzhe	先為神明祝賀	knowledge/Art/歌仔戲.md
development	mixed	hyicshi	後一層是	knowledge/Lifestyle/307taipeibus.md
development	mixed	jruh	加入後	knowledge/Music/濁水溪公社.md
development	mixed	thelxianbhao	統合路線編號	knowledge/Lifestyle/307taipeibus.md
development	mixed	yshidanyyuxyingsquanljie	原始檔案頁與相應授權連結	knowledge/Politics/第一次總統直選.md
development	mixed	jshurcai	技術人才	knowledge/History/高雄加工出口區.md
development	mixed	tpianlzi	圖片來自	knowledge/Lifestyle/307taipeibus.md
development	mixed	zyangs	中央社	knowledge/Technology/迷音Miin.md
development	mixed	zyangs	中央社	knowledge/Technology/迷音Miin.md
development	mixed	ryisgou	容易上鉤	knowledge/Nature/台灣海洋生態.md
development	mixed	thoulzaiychangyjiangztanc	他後來在一場演講中坦承	knowledge/Technology/電子商務與數位支付生態系.md
development	partial	asha	阿莎力	knowledge/Culture/台灣華語的演化.md
development	partial	asha	阿莎力	knowledge/Culture/台灣華語的演化.md
development	partial	huanying	歡迎開	knowledge/Technology/台灣Game-Jam社群.md
development	partial	jiaofubashenjiaotuijinhuo	轎夫把神轎推進火光	knowledge/Culture/鹽水蜂炮.md
development	partial	zhanhongzhi	詹宏志到	knowledge/Technology/電子商務與數位支付生態系.md
development	partial	lifayuanzhixunquan	立法院質詢全文	knowledge/Society/毒馬鈴薯認知作戰.md
development	partial	xiaoshidaohuobian	小時到貨變成	knowledge/Technology/電子商務與數位支付生態系.md
development	partial	luguoguang	路過廣場	knowledge/Art/歌仔戲.md
development	partial	xushuiguangaijinribadeyidainong	蓄水灌溉今日八德一帶農田	knowledge/Geography/桃園埤塘.md
development	partial	fensheyuzaizheng	分設與再整合	knowledge/History/淡江中學.md
development	partial	shisuo	是所謂	knowledge/History/羅發號事件與卓杞篤.md
development	partial	shengtaiyujishudengmian	生態與技術等面向	knowledge/Geography/桃園埤塘.md
development	partial	meiyue	每月約	knowledge/Lifestyle/台灣海關報關制度與EZWAY.md
development	partial	getianzhong	隔天中午	knowledge/Lifestyle/台灣海關報關制度與EZWAY.md
development	partial	wanrenai	萬人愛搭	knowledge/Lifestyle/307taipeibus.md
development	partial	yeyouriwenzuo	也有日文作品	knowledge/Art/日治時期文學.md
development	partial	fanduitai	反對台獨	knowledge/Society/2026鄭習會與國共十年再會.md
development	partial	queyongyouchao	卻擁有超過	knowledge/Nature/台灣步道文化與公民守護.md
development	partial	yebuzaitai	也不在台北	knowledge/Society/2026鄭習會與國共十年再會.md
development	partial	niantiyuyundongjingyingjiangbanjiangdian	年體育運動精英獎頒獎典禮	knowledge/People/林郁婷.md
development	partial	meiribi	每日必看	knowledge/Society/毒馬鈴薯認知作戰.md
development	partial	quebuguidingzuixiaozhixuemian	卻不規定最小植穴面積	knowledge/Lifestyle/台灣行道樹.md
development	partial	youshiye	有時也叫	knowledge/Food/粽子.md
development	partial	dongningwangguoyuri	東寧王國與日本	knowledge/History/台灣海洋貿易史.md
development	partial	yishufenggeyuying	藝術風格與影響	knowledge/Art/歌仔戲.md
development	partial	aoyunquan	奧運拳擊	knowledge/People/林郁婷.md
development	partial	zhuoqi	卓杞篤	knowledge/History/羅發號事件與卓杞篤.md
development	partial	xinwen	新聞網	knowledge/Society/2026年分科爭議.md
development	partial	chuangzuozhexuyaoxiangqing	創作者需要想清楚	knowledge/Technology/台灣Game-Jam社群.md
development	partial	laiqing	賴清德	knowledge/Society/毒馬鈴薯認知作戰.md
development	partial	jishiziliaoshi	即時資料是每	knowledge/Lifestyle/台灣YouBike文化與城市微交通革命.md
development	partial	yingyushou	英語受訪	knowledge/Technology/迷音Miin.md
development	partial	shuangnianzhan	雙年展採	knowledge/Art/鶯歌陶瓷博物館.md
development	partial	yinweigong	因為攻擊	knowledge/Technology/電子商務與數位支付生態系.md
development	partial	zhichengshinanxingzhuliumingzi	志成是男性主流名字考	knowledge/Culture/菜市場名.md
development	partial	dafu	答覆是	knowledge/Lifestyle/台灣海關報關制度與EZWAY.md
development	partial	haochu	號出口	knowledge/History/高雄加工出口區.md
development	partial	houlaikuosandaogezhongtaolun	後來擴散到各種討論板	knowledge/Culture/台灣華語的演化.md
development	partial	barenzhizhandingyi	把認知戰定義為	knowledge/Technology/迷音Miin.md
development	partial	dankeyikaishiweiraotongyitaozi	但可以開始圍繞同一套資料	knowledge/Politics/台灣不在籍投票.md
development	partial	renzhizuozhanceng	認知作戰層面	knowledge/Society/毒馬鈴薯認知作戰.md
development	partial	xianjinfengzhuang	先進封裝為	knowledge/Technology/Computex.md
development	partial	jintianhuitou	今天回頭看	knowledge/Lifestyle/307taipeibus.md
development	partial	taiwanhuanxiang	台灣幻想曲	knowledge/Art/紙風車劇團.md
development	partial	weisikangxin	威斯康辛州	knowledge/Technology/Computex.md
development	partial	suiranjifayuanzioumei	雖然技法源自歐美日	knowledge/Food/台灣麵包與烘焙.md
development	partial	guoneiyizhuantou	國內移轉投票	knowledge/Politics/台灣不在籍投票.md
development	partial	zhutitongyifa	主題統一發佈	knowledge/Technology/台灣Game-Jam社群.md
development	partial	tazaimiaochengshikaoji	它在廟埕時靠即興	knowledge/Art/歌仔戲.md
development	partial	nianlishibao	年歷史報導	knowledge/Lifestyle/307taipeibus.md
development	partial	kexueyuan	科學園區	knowledge/Technology/台灣的電力與半導體.md
development	partial	zhujianzhan	逐漸展開	knowledge/People/席慕蓉.md
development	partial	dawangye	大王椰子	knowledge/Lifestyle/台灣行道樹.md
development	partial	qunianjinrigetai	去年今日割台灣	knowledge/Art/日治時期文學.md
development	partial	xijiebianchengjishuwen	細節變成技術問題	knowledge/Society/2026鄭習會與國共十年再會.md
development	partial	nianwei	年為止	knowledge/Culture/台灣茶文化.md
development	partial	fenkeceyanshengwushitixuanxiangxiang	分科測驗生物試題選項相同	knowledge/Society/2026年分科爭議.md
development	partial	fenkeceyanshengwushitixuanxiangxiang	分科測驗生物試題選項相同	knowledge/Society/2026年分科爭議.md
development	partial	xiujianfang	修剪方式	knowledge/Lifestyle/台灣行道樹.md
development	partial	shenjiaoruhechu	神轎如何出巡	knowledge/Culture/鹽水蜂炮.md
development	partial	tianxiawenhuazhuan	天下文化專文	knowledge/People/林郁婷.md
development	partial	jiaqiyi	架起一個	knowledge/Technology/迷音Miin.md
development	partial	quanguofaguiziliao	全國法規資料庫	knowledge/Politics/投票權門檻歷史.md
development	partial	meifengxuan	每逢選舉	knowledge/Society/台灣省籍矛盾.md
reserved	full	xianshikongzhijingpiandengbutongchanpin	顯示控制晶片等不同產品	knowledge/Economy/台灣企業：瑞昱半導體.md
reserved	full	zengjinliangshuang	增進涼爽	knowledge/Culture/媽祖與大道公的傳說.md
reserved	full	guihuashiniantouru	規劃十年投入	knowledge/Society/電網韌性.md
reserved	full	yapianjizhongyaozhiyanjiu	鴉片及中藥之研究	knowledge/People/杜聰明.md
reserved	full	danzaitayanli	但在他眼裡	knowledge/People/杜聰明.md
reserved	full	wudianxiangan	無電線桿	knowledge/Geography/北大特區.md
reserved	full	minguoqishiwunian	民國七十五年	knowledge/Economy/台灣蘭花.md
reserved	full	takanqilairouruan	它看起來柔軟	knowledge/Economy/台灣蘭花.md
reserved	full	nianyuyefazhanfangan	年漁業發展方案	knowledge/History/台灣漁業現代化.md
reserved	full	mohuanshengbei	魔幻聖貝	knowledge/Culture/拉阿魯哇族.md
reserved	full	xunhuanjingjichanzhi	循環經濟產值	knowledge/Economy/台灣循環經濟與資源再利用.md
reserved	full	lunwenzhutizhengshi	論文主題正是	knowledge/People/柯文哲.md
reserved	full	dangzhenggebeibanqiuxianrubingfengshi	當整個北半球陷入冰封時	knowledge/Nature/台灣森林生態系.md
reserved	full	shigaixiang	是該項	knowledge/Society/外送專法.md
reserved	full	taiwandangdaiyishuziliaoku	台灣當代藝術資料庫	knowledge/Art/街頭塗鴉.md
reserved	full	zuihoujuanchengyuanzhuzhuangqiepian	最後捲成圓柱狀切片	knowledge/Food/蛋撻.md
reserved	full	zailakai	再拉開	knowledge/Food/糖蔥.md
reserved	full	shouquantupian	授權圖片	knowledge/Geography/苗栗縣.md
reserved	full	zongjingfeida	總經費達	knowledge/People/蘇巧慧.md
reserved	full	yezhebicijingzheng	業者彼此競爭	knowledge/Economy/台灣蘭花.md
reserved	full	shuilujulibuchaoguoshiwugongli	水路距離不超過十五公里	knowledge/Food/台南中西區美食小吃文化.md
reserved	full	meirijingbao	每日鏡報	knowledge/People/林昶佐.md
reserved	full	huanjuhuashuo	換句話說	knowledge/Technology/國家太空中心.md
reserved	full	kangzhengzhitang	抗爭之糖	knowledge/Food/糖蔥.md
reserved	full	niandadao	年達到	knowledge/History/台灣漁業現代化.md
reserved	full	niandadao	年達到	knowledge/History/台灣漁業現代化.md
reserved	full	taiwandiyikequanchengzizhiweixingfuweiwuhao	台灣第一顆全程自製衛星福衛五號	knowledge/Technology/國家太空中心.md
reserved	full	tazhengduozaidiannaoyingmuhoudadiandong	他正躲在電腦螢幕後打電動	knowledge/People/金城武.md
reserved	full	baxiufuneirongfenchengtiegui	把修復內容分成鐵軌	knowledge/Geography/阿里山林業鐵路.md
reserved	full	kaiqihezuoxinpianzhang	開啟合作新篇章	knowledge/Economy/台灣蘭花.md
reserved	full	zhengfubingwuanzhiyiwu	政府並無安置義務	knowledge/Lifestyle/高速公路.md
reserved	full	ershiyinweitadong	而是因為它懂	knowledge/Economy/全聯福利中心.md
reserved	full	qianniuhua	牽牛花	knowledge/Culture/校園順口溜.md
reserved	full	yeshitafalvrenxinggezhong	也是她法律人性格中	knowledge/People/蘇巧慧.md
reserved	full	tuyazaitaiwanbuzhishizhuangshi	塗鴉在台灣不只是裝飾	knowledge/Art/街頭塗鴉.md
reserved	full	zaigongyuan	在公園	knowledge/Nature/台灣皇蛾.md
reserved	full	zaibushaomiaoyuzhong	在不少廟宇中	knowledge/Culture/九天玄女信仰.md
reserved	full	yimeiyuan	億美元	knowledge/Technology/台灣人工智慧發展與未來策略.md
reserved	full	yinweizhuganxianhuodaolushousunshi	因為主幹線或道路受損時	knowledge/Society/電網韌性.md
reserved	full	weijibaike	維基百科	knowledge/Food/台灣辦桌文化.md
reserved	full	weijibaike	維基百科	knowledge/Food/台灣辦桌文化.md
reserved	full	banyesidian	半夜四點	knowledge/Food/台南中西區美食小吃文化.md
reserved	full	niantuichu	年推出	knowledge/Economy/台灣企業：聯華電子.md
reserved	full	zaigudingdianmian	在固定店面	knowledge/Food/台灣辦桌文化.md
reserved	full	kaifangdangjin	開放黨禁	knowledge/People/蔣經國.md
reserved	full	yuequshi	月去世	knowledge/People/蔣經國.md
reserved	full	bandaotizhizaoshigaohaoneng	半導體製造是高耗能	knowledge/Economy/台灣企業：聯華電子.md
reserved	full	cezhanrenbiji	策展人筆記	knowledge/Art/街頭塗鴉.md
reserved	full	cezhanrenbiji	策展人筆記	knowledge/Art/街頭塗鴉.md
reserved	full	jindingjiang	金鼎獎	knowledge/People/何飛鵬.md
reserved	full	jiluhukoulaojie	記錄湖口老街	knowledge/Geography/湖口老街.md
reserved	full	guigepuji	規格普及	knowledge/Economy/台灣企業：瑞昱半導體.md
reserved	full	xintouke	新頭殼	knowledge/People/蘇巧慧.md
reserved	full	andelubingdian	安德魯餅店	knowledge/Food/蛋撻.md
reserved	full	shangludisitian	上路第四天	knowledge/Society/外送專法.md
reserved	full	suqiaohuiguanfang	蘇巧慧官方	knowledge/People/蘇巧慧.md
reserved	full	ciweigerenjingyan	此為個人經驗	knowledge/Culture/台灣VTuber.md
reserved	full	qianzhanhuojianyanjiuzhongxin	前瞻火箭研究中心	knowledge/Technology/國家太空中心.md
reserved	full	yiminshuitubufu	移民水土不服	knowledge/People/杜聰明.md
reserved	full	zhuanhuaweinengyuanzichan	轉化為能源資產	knowledge/Economy/台灣循環經濟與資源再利用.md
reserved	full	jianjincelue	漸禁策略	knowledge/People/杜聰明.md
reserved	full	faguixitong	法規系統	knowledge/Technology/國家太空中心.md
reserved	full	diyizhongshi	第一種是	knowledge/Food/台灣辦桌文化.md
reserved	full	nengbunengzaiyuzouzugongxiang	能不能在與鄒族共享	knowledge/Culture/拉阿魯哇族.md
reserved	initials	rjycyzjxsy	讓舊有成癮者繼續使用	knowledge/People/杜聰明.md
reserved	initials	jblybl	既不藍也不綠	knowledge/People/柯文哲.md
reserved	initials	ytjdzzxjzcbt	與台積電專注先進製程不同	knowledge/Economy/台灣企業：聯華電子.md
reserved	initials	yjg	月竣工	knowledge/Geography/屏東縣.md
reserved	initials	nxj	年選舉	knowledge/People/林昶佐.md
reserved	initials	dlyczs	動力漁船只剩	knowledge/History/台灣漁業現代化.md
reserved	initials	yzmzwx	原住民族文獻	knowledge/Culture/拉阿魯哇族.md
reserved	initials	yzmzwx	原住民族文獻	knowledge/Culture/拉阿魯哇族.md
reserved	initials	tryz	投入育種	knowledge/Economy/台灣蘭花.md
reserved	initials	nltwjf	年來台灣講法	knowledge/Society/法輪功在台灣.md
reserved	initials	wtb	萬台幣	knowledge/People/何飛鵬.md
reserved	initials	kfd	開放的	knowledge/Technology/台灣人工智慧發展與未來策略.md
reserved	initials	nybzlzc	農業部資料指出	knowledge/History/台灣漁業現代化.md
reserved	initials	rjyzmm	如捷運站命名	knowledge/Geography/北大特區.md
reserved	initials	bbsz	八八水災	knowledge/Geography/屏東縣.md
reserved	initials	tbgxj	特別貢獻獎	knowledge/People/何飛鵬.md
reserved	initials	tzwxc	它在往下沉	knowledge/Food/台灣辦桌文化.md
reserved	initials	ysly	一手來源	knowledge/People/柯文哲.md
reserved	initials	zztgz	最終停格在	knowledge/Technology/蕃薯藤.md
reserved	initials	bwsy	本文使用	knowledge/Food/蛋撻.md
reserved	initials	zhwbb	轉化為標榜	knowledge/Art/街頭塗鴉.md
reserved	initials	ghjl	歌回接力	knowledge/Culture/台灣VTuber.md
reserved	initials	sxgz	三峽國中	knowledge/Geography/北大特區.md
reserved	initials	ptygzzzj	平台與工作者之間	knowledge/Society/外送專法.md
reserved	initials	hjzxzxhg	環境資訊中心回顧	knowledge/Society/電網韌性.md
reserved	initials	jts	今天是	knowledge/Geography/苗栗縣.md
reserved	initials	sqhgf	蘇巧慧官方	knowledge/People/蘇巧慧.md
reserved	initials	ncs	年出生	knowledge/People/黃春明.md
reserved	initials	ncs	年辭世	knowledge/People/黃春明.md
reserved	initials	jjrb	經濟日報	knowledge/Technology/國家太空中心.md
reserved	initials	zhj	字華基	knowledge/Culture/媽祖與大道公的傳說.md
reserved	initials	zlzhysnxrs	至劉政鴻一四年卸任時	knowledge/Geography/苗栗縣.md
reserved	initials	jfdxr	薑粉帶辛熱	knowledge/Food/台南中西區美食小吃文化.md
reserved	initials	ypj	由排剪	knowledge/Culture/拉阿魯哇族.md
reserved	initials	sjsj	隨機事件	knowledge/Technology/活俠傳.md
reserved	initials	knjdbns	可能決定避難所	knowledge/Society/電網韌性.md
reserved	initials	nysb	紐約時報	knowledge/Geography/阿里山林業鐵路.md
reserved	initials	nysb	紐約時報	knowledge/Geography/阿里山林業鐵路.md
reserved	initials	hgj	黃國峻	knowledge/People/黃春明.md
reserved	initials	zfds	資方打手	knowledge/People/何飛鵬.md
reserved	initials	nlsyzztwcj	農曆三月正值台灣春季	knowledge/Culture/媽祖與大道公的傳說.md
reserved	initials	jscxy	技術創新以	knowledge/Economy/台灣循環經濟與資源再利用.md
reserved	initials	gltwmsgda	國立台灣美術館檔案	knowledge/People/楊維哲.md
reserved	initials	gkh	國科會	knowledge/Technology/台灣人工智慧發展與未來策略.md
reserved	initials	jhld	寄回倫敦	knowledge/Nature/福爾摩沙鳥類學.md
reserved	initials	kntskyr	可能同時跨越人	knowledge/Food/台灣辦桌文化.md
reserved	initials	bzssb	本質上是把	knowledge/Technology/台灣人工智慧發展與未來策略.md
reserved	initials	esygyqqkj	而是一個有確切困境	knowledge/People/黃春明.md
reserved	initials	nzkwy	年轉虧為盈	knowledge/People/何飛鵬.md
reserved	initials	czrbj	策展人筆記	knowledge/Economy/全聯福利中心.md
reserved	initials	czrbj	策展人筆記	knowledge/Economy/全聯福利中心.md
reserved	initials	kst	凱撒頭	knowledge/Lifestyle/台灣髮型介紹.md
reserved	initials	qmybsg	去買一包水果	knowledge/Food/台南中西區美食小吃文化.md
reserved	initials	esqhbq	而是氣候變遷	knowledge/Nature/台灣森林生態系.md
reserved	initials	kggylgljtjyjzzh	跨國供應鏈管理及碳交易機制整合	knowledge/Economy/台灣循環經濟與資源再利用.md
reserved	initials	xgyzly	修改與再利用	knowledge/Society/電網韌性.md
reserved	initials	sdxjj	燒掉小雞雞	knowledge/Culture/校園順口溜.md
reserved	initials	xwxjszjhdr	新聞系教授張錦華等人	knowledge/Society/法輪功在台灣.md
reserved	initials	xyhmztyz	繡眼畫眉在泰雅族	knowledge/Nature/福爾摩沙鳥類學.md
reserved	initials	yzg	宇宙觀	knowledge/Society/法輪功在台灣.md
reserved	initials	yzg	與中共	knowledge/Society/法輪功在台灣.md
reserved	initials	zgzf	中國資方	knowledge/People/陳子見.md
reserved	initials	jqbfz	劇情不複雜	knowledge/Culture/九天玄女信仰.md
reserved	initials	rlc	日凌晨	knowledge/Society/台灣災難志工文化.md
reserved	mixed	whuag	無花果	knowledge/Technology/蕃薯藤.md
reserved	mixed	lrenschangxyu	兩人時常相遇	knowledge/Culture/媽祖與大道公的傳說.md
reserved	mixed	mguogwuy	美國國務院	knowledge/Society/法輪功在台灣.md
reserved	mixed	yqighua	一起規劃	knowledge/Society/電網韌性.md
reserved	mixed	dpeixjinwranfzhisbei	搭配先進污染防制設備	knowledge/Economy/台灣循環經濟與資源再利用.md
reserved	mixed	qshijsheng	前世今生	knowledge/People/林昶佐.md
reserved	mixed	yfangm	一方面	knowledge/Economy/台灣企業：瑞昱半導體.md
reserved	mixed	xshikzhijpiandbutchanp	顯示控制晶片等不同產品	knowledge/Economy/台灣企業：瑞昱半導體.md
reserved	mixed	yzhuidyingl	以追悼英靈	knowledge/Geography/北大特區.md
reserved	mixed	ntuic	年推出	knowledge/Economy/台灣企業：聯華電子.md
reserved	mixed	hqiembixjub	橫切面必須具備	knowledge/Food/糖蔥.md
reserved	mixed	ddangwxiny	搭檔吳欣盈	knowledge/People/柯文哲.md
reserved	mixed	ymeiy	億美元	knowledge/Technology/台灣人工智慧發展與未來策略.md
reserved	mixed	ljiyyis	邏輯與藝術	knowledge/People/楊維哲.md
reserved	mixed	bxiufneirfenctieg	把修復內容分成鐵軌	knowledge/Geography/阿里山林業鐵路.md
reserved	mixed	ttanggfangkwuwzhang	台糖官方刊物文章	knowledge/Economy/台灣蘭花.md
reserved	mixed	tjixshi	統計顯示	knowledge/Nature/台灣皇蛾.md
reserved	mixed	fguixtong	法規系統	knowledge/Technology/國家太空中心.md
reserved	mixed	chuir	詞彙如	knowledge/Culture/校園順口溜.md
reserved	mixed	xzhens	鄉鎮市	knowledge/Geography/屏東縣.md
reserved	mixed	phuaigwuz	破壞公物者	knowledge/Art/街頭塗鴉.md
reserved	mixed	zdangzliao	政黨資料	knowledge/People/柯文哲.md
reserved	mixed	tbiegxianj	特別貢獻獎	knowledge/People/何飛鵬.md
reserved	mixed	lfayxinw	立法院新聞	knowledge/Geography/北大特區.md
reserved	mixed	nkaiphou	年開拍後	knowledge/People/金城武.md
reserved	mixed	jdaoyern	九到一二年	knowledge/Geography/苗栗縣.md
reserved	mixed	zhourkouzjia	戰後人口增加	knowledge/History/台灣漁業現代化.md
reserved	mixed	nbaod	年報導	knowledge/People/林昶佐.md
reserved	mixed	nbaod	年報導	knowledge/People/林昶佐.md
reserved	mixed	zpaiycanz	招牌與餐桌	knowledge/History/台灣漁業現代化.md
reserved	mixed	ferrtazchulru	反而讓他在處理如	knowledge/People/金城武.md
reserved	mixed	sjigsi	設計公司	knowledge/Economy/台灣企業：瑞昱半導體.md
reserved	mixed	sjigsi	設計公司	knowledge/Economy/台灣企業：瑞昱半導體.md
reserved	mixed	ypingtweiyze	以平頭為原則	knowledge/Lifestyle/台灣髮型介紹.md
reserved	mixed	flanltiz	反藍綠體制	knowledge/People/柯文哲.md
reserved	mixed	jjirbao	經濟日報	knowledge/Economy/全聯福利中心.md
reserved	mixed	lhed	六合等	knowledge/Lifestyle/夜生活與KTV文化.md
reserved	mixed	ycis	一次是	knowledge/Geography/屏東縣.md
reserved	mixed	tzirguanx	投資人關係	knowledge/Economy/台灣企業：聯華電子.md
reserved	mixed	kjixbao	科技新報	knowledge/Technology/國家太空中心.md
reserved	mixed	zxingzyi	轉型正義	knowledge/People/林昶佐.md
reserved	mixed	qjuyyiz	且具有一種	knowledge/Lifestyle/台灣髮型介紹.md
reserved	mixed	ylaitdingjzhuzwu	依賴特定寄主植物	knowledge/Nature/台灣皇蛾.md
reserved	mixed	wdingy	萬訂閱	knowledge/People/Ray.md
reserved	mixed	lheyshi	六合夜市	knowledge/Lifestyle/夜生活與KTV文化.md
reserved	mixed	lbianbzhuowhua	路邊辦桌文化	knowledge/Food/台灣辦桌文化.md
reserved	mixed	lbianbzhuowhua	路邊辦桌文化	knowledge/Food/台灣辦桌文化.md
reserved	mixed	ztaib	在台北	knowledge/Society/法輪功在台灣.md
reserved	mixed	qnianbfuzxi	青年部副主席	knowledge/People/蘇巧慧.md
reserved	mixed	dans	答案是	knowledge/Nature/台灣皇蛾.md
reserved	mixed	ppingzrenwtac	批評者認為它醜	knowledge/Lifestyle/台灣髮型介紹.md
reserved	mixed	lliwyulfengzshi	琉璃瓦與龍鳳裝飾	knowledge/People/王大閎.md
reserved	mixed	gtonggfan	共同規範	knowledge/Nature/台灣森林生態系.md
reserved	mixed	gxinzyimmiao	跟新竹義民廟	knowledge/Geography/屏東縣.md
reserved	mixed	ybubzhiyzhulwutcaiswenh	也不必只有主流舞台才算文化	knowledge/People/林昶佐.md
reserved	mixed	twantyaxfeng	台灣塗鴉先鋒	knowledge/Art/街頭塗鴉.md
reserved	mixed	ztain	在台南	knowledge/Food/台南中西區美食小吃文化.md
reserved	mixed	xguanbdao	相關報導	knowledge/People/黃春明.md
reserved	mixed	llim	連理媽	knowledge/Culture/九天玄女信仰.md
reserved	mixed	wqiangbqiangy	圍牆佈槍眼	knowledge/Geography/屏東縣.md
reserved	mixed	dyingy	短影音	knowledge/Technology/蕃薯藤.md
reserved	mixed	dyiczougquxlizxiang	第一次走過去心裡只想	knowledge/Economy/全聯福利中心.md
reserved	mixed	dzuiz	但最終	knowledge/Culture/媽祖與大道公的傳說.md
reserved	mixed	wjibke	維基百科	knowledge/Geography/苗栗縣.md
reserved	partial	bingzhengqu	並爭取台	knowledge/People/蘇巧慧.md
reserved	partial	taiwanyouliangzhongyuanshenghudie	台灣有兩種原生蝴蝶蘭	knowledge/Economy/台灣蘭花.md
reserved	partial	yijilong	以及龍潭	knowledge/Society/電網韌性.md
reserved	partial	yueyubowu	粵語博物館	knowledge/Food/糖蔥.md
reserved	partial	yigelaorenzuozaichuang	一個老人坐在窗邊	knowledge/People/杜聰明.md
reserved	partial	xiaoliangtu	銷量突破	knowledge/Technology/活俠傳.md
reserved	partial	yigedong	一個動作	knowledge/Food/台南中西區美食小吃文化.md
reserved	partial	shoupiyingxiangfa	首批影像發布	knowledge/Technology/國家太空中心.md
reserved	partial	sanzhetongjifanweiyushidianbu	三者統計範圍與時點不同	knowledge/Society/外送專法.md
reserved	partial	yezhebicijing	業者彼此競爭	knowledge/Economy/台灣蘭花.md
reserved	partial	jihuamu	計畫目標	knowledge/Economy/台灣循環經濟與資源再利用.md
reserved	partial	zaoyinyuweihufu	噪音與維護負擔	knowledge/Geography/阿里山林業鐵路.md
reserved	partial	rumengtaigunai	如蒙太古奶油	knowledge/Food/蛋撻.md
reserved	partial	wenhua	文化部	knowledge/Economy/文化內容策進院.md
reserved	partial	wenhua	文化部	knowledge/Economy/文化內容策進院.md
reserved	partial	ruiyuyijingchengweiquan	瑞昱已經成為全球	knowledge/Economy/台灣企業：瑞昱半導體.md
reserved	partial	jinchengwuxuanze	金城武選擇用	knowledge/People/金城武.md
reserved	partial	suirancailiaoxiang	雖然材料相似	knowledge/Food/糖蔥.md
reserved	partial	lukaizuwenhuayuhaochajiu	魯凱族文化與好茶舊社	knowledge/Geography/屏東縣.md
reserved	partial	zoushangguo	走上國道	knowledge/Lifestyle/高速公路.md
reserved	partial	guomindanghouyou	國民黨侯友宜	knowledge/People/柯文哲.md
reserved	partial	nianchengweizong	年成為總統	knowledge/People/蔣經國.md
reserved	partial	taiwanyuyebainianfeng	臺灣漁業百年風華	knowledge/History/台灣漁業現代化.md
reserved	partial	danghuangexiao	當皇蛾消失	knowledge/Nature/台灣皇蛾.md
reserved	partial	zuochuxuan	做出選擇	knowledge/Technology/活俠傳.md
reserved	partial	banian	八年後	knowledge/Technology/國家太空中心.md
reserved	partial	wanglujue	網路崛起	knowledge/People/何飛鵬.md
reserved	partial	yingyongchengshi	應用程式頁	knowledge/Economy/文化內容策進院.md
reserved	partial	jianfengshi	尖峰時刻	knowledge/People/Ray.md
reserved	partial	xiaopiqiuxiangjiao	小皮球香蕉油	knowledge/Culture/校園順口溜.md
reserved	partial	mubiaoshichao	目標是超越	knowledge/Technology/蕃薯藤.md
reserved	partial	yuanzuozhezaoyipi	原作者早已闢謠	knowledge/People/蘇巧慧.md
reserved	partial	gexiao	個小孔	knowledge/Food/糖蔥.md
reserved	partial	jieyunkaifa	捷運開發案	knowledge/Geography/北大特區.md
reserved	partial	jingjiri	經濟日報	knowledge/Economy/全聯福利中心.md
reserved	partial	baohudian	保護電驛	knowledge/Society/電網韌性.md
reserved	partial	shangwuyingchoukequnwei	商務應酬客群為主	knowledge/Lifestyle/夜生活與KTV文化.md
reserved	partial	yijigaoling	以及高齡者	knowledge/Society/電網韌性.md
reserved	partial	lishiwanghui	歷史往回走	knowledge/Geography/阿里山林業鐵路.md
reserved	partial	wenhuajujie	文化局介入	knowledge/Food/台南中西區美食小吃文化.md
reserved	partial	rukouji	入口即化	knowledge/Food/糖蔥.md
reserved	partial	shilingyigewen	是另一個問題	knowledge/People/柯文哲.md
reserved	partial	wangyouzhiyiweituolixian	網友質疑為脫離現實	knowledge/People/何飛鵬.md
reserved	partial	chengpinshu	誠品書店	knowledge/Lifestyle/夜生活與KTV文化.md
reserved	partial	huitaihouquexuanze	回台後卻選擇最	knowledge/Art/街頭塗鴉.md
reserved	partial	yuebiyedian	月畢業典禮	knowledge/People/Ray.md
reserved	partial	zhichengqi	製程起步	knowledge/Economy/台灣企業：聯華電子.md
reserved	partial	taiwanguanghuaza	台灣光華雜誌	knowledge/Food/糖蔥.md
reserved	partial	diyizhong	第一種是	knowledge/Food/台灣辦桌文化.md
reserved	partial	riling	日凌晨	knowledge/Society/台灣災難志工文化.md
reserved	partial	gongshixin	公視新聞	knowledge/Culture/台灣VTuber.md
reserved	partial	zhuanzhujishuchuang	專注技術創新	knowledge/Economy/台灣企業：瑞昱半導體.md
reserved	partial	feifahuolichao	非法獲利超過	knowledge/Nature/台灣森林生態系.md
reserved	partial	wanding	萬訂閱	knowledge/People/Ray.md
reserved	partial	nianzheng	年正名	knowledge/Culture/拉阿魯哇族.md
reserved	partial	guanfangzuqunjian	官方族群簡介	knowledge/Culture/拉阿魯哇族.md
reserved	partial	xunhuanjingjichan	循環經濟產值	knowledge/Economy/台灣循環經濟與資源再利用.md
reserved	partial	shiyicicaifuyi	是一次財富移轉	knowledge/Society/外送專法.md
reserved	partial	fanshubupaxiatu	蕃薯不怕下土爛	knowledge/Technology/蕃薯藤.md
reserved	partial	fengcijuruhezhuanhuaguozuren	諷刺劇如何轉化國族認同	knowledge/People/陳子見.md
reserved	partial	tamenburenweizhentoushibiaoyanyi	他們不認為陣頭是表演藝術	knowledge/Culture/九天玄女信仰.md
reserved	partial	zaitashou	在他手上	knowledge/People/杜聰明.md
reserved	partial	taiwanniaoleitu	臺灣鳥類圖譜	knowledge/Nature/福爾摩沙鳥類學.md
reserved	partial	tashizhanfa	他施展法術	knowledge/Culture/媽祖與大道公的傳說.md
