en-gum-conversation	GUM_conversation_lambada-1	are you do they still teach at bahia on sunday	are you do they still teach at bahia on sunday
en-gum-conversation	GUM_conversation_lambada-2	night	night
en-gum-conversation	GUM_conversation_lambada-3	oh yeah	oh yeah
en-gum-conversation	GUM_conversation_lambada-4	in fact i would have gone today if it wasn't for my back	in fact i would have gone today if it wasn't for my back
en-gum-conversation	GUM_conversation_lambada-5	well i finally found some people there i can dance with	well i finally found some people there i can dance with
en-gum-conversation	GUM_conversation_lambada-6	so that helps	so that helps
en-gum-conversation	GUM_conversation_lambada-7	do you need a partner	do you need a partner
en-gum-conversation	GUM_conversation_lambada-8	to go there	to go there
en-gum-conversation	GUM_conversation_lambada-9	yeah	yeah
en-gum-conversation	GUM_conversation_lambada-10	no	no
en-gum-conversation	GUM_conversation_lambada-11	besides you i mean if you're a guy if	besides you i mean if you're a guy if
en-gum-conversation	GUM_conversation_lambada-12	if you're a woman i mean those guys'll be all over you	if you're a woman i mean those guys'll be all over you
en-gum-conversation	GUM_conversation_lambada-13	i swear it	i swear it
en-gum-conversation	GUM_conversation_lambada-14	don't say that harold's in the room	don't say that harold's in the room
en-gum-conversation	GUM_conversation_lambada-15	run along now dear	run along now dear
en-gum-conversation	GUM_conversation_lambada-16	you could come too	you could come too
en-gum-conversation	GUM_conversation_lambada-17	well i don't necessarily mean in a bad way even though i'm sure there are a few there i'm not dancing with guys	well i don't necessarily mean in a bad way even though i'm sure there are a few there i'm not dancing with guys
en-gum-conversation	GUM_conversation_lambada-18	all i can say is the women aren't all over me	all i can say is the women aren't all over me
en-gum-conversation	GUM_conversation_lambada-19	darn	darn
en-gum-conversation	GUM_conversation_lambada-20	ooh	ooh
en-gum-conversation	GUM_conversation_lambada-21	but but i remember like i went there with this person it's kind of funny	but but i remember like i went there with this person it's kind of funny
en-gum-conversation	GUM_conversation_lambada-22	th this person did not want to dance	th this person did not want to dance
en-gum-conversation	GUM_conversation_lambada-23	so she's just gonna watch	so she's just gonna watch
en-gum-conversation	GUM_conversation_lambada-24	so every once in a while i'd get up and dance and it's like when i'd come back i mean there was some guy there sitting in my chair	so every once in a while i'd get up and dance and it's like when i'd come back i mean there was some guy there sitting in my chair
en-gum-conversation	GUM_conversation_lambada-25	every time i got up	every time i got up
en-gum-conversation	GUM_conversation_lambada-26	i'm thinking god these guys don't waste any time	i'm thinking god these guys don't waste any time
en-gum-conversation	GUM_conversation_lambada-27	i mean you turn your back and there's somebody moving in	i mean you turn your back and there's somebody moving in
en-gum-conversation	GUM_conversation_lambada-28	i mean i don't know if they	i mean i don't know if they
en-gum-conversation	GUM_conversation_lambada-29	maybe harold you should come with me	maybe harold you should come with me
en-gum-conversation	GUM_conversation_lambada-30	why	why
en-gum-conversation	GUM_conversation_lambada-31	learn some lam lambada	learn some lam lambada
en-gum-conversation	GUM_conversation_lambada-32	so i can find find some girls with empty chairs next to em	so i can find find some girls with empty chairs next to em
en-gum-conversation	GUM_conversation_lambada-33	maybe i should go with miles	maybe i should go with miles
en-gum-conversation	GUM_conversation_lambada-34	oh did	oh did
en-gum-conversation	GUM_conversation_lambada-35	yeah you guys could be partners	yeah you guys could be partners
en-gum-conversation	GUM_conversation_lambada-36	did	did
en-gum-conversation	GUM_conversation_lambada-37	what	what
en-gum-conversation	GUM_conversation_lambada-38	well i don't know if i told you told you that story about that woman who uh went after that guy there	well i don't know if i told you told you that story about that woman who uh went after that guy there
en-gum-conversation	GUM_conversation_lambada-39	i told you that story right	i told you that story right
en-gum-conversation	GUM_conversation_lambada-40	i was there sunday three four weeks ago	i was there sunday three four weeks ago
en-gum-conversation	GUM_conversation_lambada-41	uh after the class is over w over with i'm sitting down at a table there's a woman from who was in the class and two men sitting to my right is a table with two women there	uh after the class is over w over with i'm sitting down at a table there's a woman from who was in the class and two men sitting to my right is a table with two women there
en-gum-conversation	GUM_conversation_lambada-42	they had apparently just come from oba oba	they had apparently just come from oba oba
en-gum-conversation	GUM_conversation_lambada-43	on the last night	on the last night
en-gum-conversation	GUM_conversation_lambada-44	oh i think you told me	oh i think you told me
en-gum-conversation	GUM_conversation_lambada-45	the last night	the last night
en-gum-conversation	GUM_conversation_lambada-46	yeah	yeah
en-gum-conversation	GUM_conversation_lambada-47	and like well they were attractive women the one had on a real real short skirt	and like well they were attractive women the one had on a real real short skirt
en-gum-conversation	GUM_conversation_lambada-48	anyway there was this guy in his fifties out there dancing by himself	anyway there was this guy in his fifties out there dancing by himself
en-gum-conversation	GUM_conversation_lambada-49	and the woman was just looking at him making eyes then she went out there got on her knees in front of him in this skirt that's this short takes her hands and goes along his toes and then up and is just doing like that	and the woman was just looking at him making eyes then she went out there got on her knees in front of him in this skirt that's this short takes her hands and goes along his toes and then up and is just doing like that
en-gum-conversation	GUM_conversation_lambada-50	ooh	ooh
en-gum-conversation	GUM_conversation_lambada-51	i figured oh they must know each other	i figured oh they must know each other
en-gum-conversation	GUM_conversation_lambada-52	ooh	ooh
en-gum-conversation	GUM_conversation_lambada-53	very well in fact	very well in fact
en-gum-conversation	GUM_conversation_lambada-54	mhm	mhm
en-gum-conversation	GUM_conversation_lambada-55	gross	gross
en-gum-conversation	GUM_conversation_lambada-56	that's what i assumed	that's what i assumed
en-gum-conversation	GUM_conversation_lambada-57	and they did that for the whole dance and i mean she was d all kind of suggestive stuff and touching him and everything people would like cheering and clapping go for it	and they did that for the whole dance and i mean she was d all kind of suggestive stuff and touching him and everything people would like cheering and clapping go for it
en-gum-conversation	GUM_conversation_lambada-58	and all this kind of thing	and all this kind of thing
en-gum-conversation	GUM_conversation_lambada-59	the the song ended the guy set down at another table	the the song ended the guy set down at another table
en-gum-conversation	GUM_conversation_lambada-60	and she set down	and she set down
en-gum-conversation	GUM_conversation_lambada-61	at a	at a
en-gum-conversation	GUM_conversation_lambada-62	at the table with her woman friend	at the table with her woman friend
en-gum-conversation	GUM_conversation_lambada-63	they never danced again the rest of the evening	they never danced again the rest of the evening
en-gum-conversation	GUM_conversation_lambada-64	hm	hm
en-gum-conversation	GUM_conversation_lambada-65	this is like so i was thinking this woman's sitting about as far away from me as jamie is	this is like so i was thinking this woman's sitting about as far away from me as jamie is
en-gum-conversation	GUM_conversation_lambada-66	and i was thinking hm this is interesting	and i was thinking hm this is interesting
en-gum-conversation	GUM_conversation_lambada-67	i wonder how long it was gonna take the guys in this club to move in on her	i wonder how long it was gonna take the guys in this club to move in on her
en-gum-conversation	GUM_conversation_lambada-68	no sooner did i think this thought guys were over there	no sooner did i think this thought guys were over there
en-gum-conversation	GUM_conversation_lambada-69	what you didn't ask her to dance	what you didn't ask her to dance
en-gum-conversation	GUM_conversation_lambada-70	not miles he's just in daze	not miles he's just in daze
en-gum-conversation	GUM_conversation_lambada-71	well i was still trying to figure out surely they must know each other i mean why wasn't he sitting at her table	well i was still trying to figure out surely they must know each other i mean why wasn't he sitting at her table
en-gum-conversation	GUM_conversation_lambada-72	you mean you were still thinking about it	you mean you were still thinking about it
en-gum-conversation	GUM_conversation_lambada-73	anyway this guy i mean he comes over there immediately afterwards	anyway this guy i mean he comes over there immediately afterwards
en-gum-conversation	GUM_conversation_lambada-74	the same guy who got his the same guy who's	the same guy who got his the same guy who's
en-gum-conversation	GUM_conversation_lambada-75	no it's just some random guy	no it's just some random guy
en-gum-conversation	GUM_conversation_lambada-76	or just some random guy	or just some random guy
en-gum-conversation	GUM_conversation_lambada-77	no a random guy who was like sitting about where you are	no a random guy who was like sitting about where you are
en-gum-conversation	GUM_conversation_lambada-78	yeah	yeah
en-gum-conversation	GUM_conversation_lambada-79	he was sitting there there were two guys sitting at a table right where you are	he was sitting there there were two guys sitting at a table right where you are
en-gum-conversation	GUM_conversation_lambada-80	and then these two women are sitting here	and then these two women are sitting here
en-gum-conversation	GUM_conversation_lambada-81	so uh he comes over there and is talking with that woman i don't know about what but then like ten minutes later she and her friend are over at their table	so uh he comes over there and is talking with that woman i don't know about what but then like ten minutes later she and her friend are over at their table
en-gum-conversation	GUM_conversation_lambada-82	and then twenty minutes later they were kinda like all over each other	and then twenty minutes later they were kinda like all over each other
en-gum-conversation	GUM_conversation_lambada-83	you know kissing et cetera et cetera	you know kissing et cetera et cetera
en-gum-conversation	GUM_conversation_lambada-84	and i was thinking it looks like these people aren't going home alone tonight	and i was thinking it looks like these people aren't going home alone tonight
en-gum-conversation	GUM_conversation_lambada-85	gosh	gosh
en-gum-conversation	GUM_conversation_lambada-86	but i just thought that	but i just thought that
en-gum-conversation	GUM_conversation_lambada-87	no wonder they forbid this dance	no wonder they forbid this dance
en-gum-conversation	GUM_conversation_lambada-88	so	so
en-gum-conversation	GUM_conversation_lambada-89	oh my god what a story	oh my god what a story
en-gum-conversation	GUM_conversation_lambada-90	well maybe i shouldn't go there then	well maybe i shouldn't go there then
en-gum-conversation	GUM_conversation_lambada-91	yeah maybe you shouldn't	yeah maybe you shouldn't
en-gum-conversation	GUM_conversation_retirement-1	sam has been has taken such an interest in this retirement bit that it it really surprises me	sam has been has taken such an interest in this retirement bit that it it really surprises me
en-gum-conversation	GUM_conversation_retirement-2	well she's begun to listen	well she's begun to listen
en-gum-conversation	GUM_conversation_retirement-3	yes she has	yes she has
en-gum-conversation	GUM_conversation_retirement-4	you know	you know
en-gum-conversation	GUM_conversation_retirement-5	she has	she has
en-gum-conversation	GUM_conversation_retirement-6	uh she used to go over and read a book or something	uh she used to go over and read a book or something
en-gum-conversation	GUM_conversation_retirement-7	yeah or turn a deaf ear	yeah or turn a deaf ear
en-gum-conversation	GUM_conversation_retirement-8	that was for sure	that was for sure
en-gum-conversation	GUM_conversation_retirement-9	but uh once you understand it you know you you're interested in getting right in and going after it	but uh once you understand it you know you you're interested in getting right in and going after it
en-gum-conversation	GUM_conversation_retirement-10	yeah	yeah
en-gum-conversation	GUM_conversation_retirement-11	i really oughta call at least reg barr and ask if uh he's still speaking to me	i really oughta call at least reg barr and ask if uh he's still speaking to me
en-gum-conversation	GUM_conversation_retirement-12	well now he was the one that was up on the left up there	well now he was the one that was up on the left up there
en-gum-conversation	GUM_conversation_retirement-13	yeah	yeah
en-gum-conversation	GUM_conversation_retirement-14	yeah	yeah
en-gum-conversation	GUM_conversation_retirement-15	yes	yes
en-gum-conversation	GUM_conversation_retirement-16	well he came over to you all smiles i noticed	well he came over to you all smiles i noticed
en-gum-conversation	GUM_conversation_retirement-17	yes	yes
en-gum-conversation	GUM_conversation_retirement-18	well we've known each other for thirty some years why wouldn't he	well we've known each other for thirty some years why wouldn't he
en-gum-conversation	GUM_conversation_retirement-19	but a anyway um i was so glad that he opened up on this disclosure bit	but a anyway um i was so glad that he opened up on this disclosure bit
en-gum-conversation	GUM_conversation_retirement-20	because it was burns that's been objecting to our having it	because it was burns that's been objecting to our having it
en-gum-conversation	GUM_conversation_retirement-21	oh	oh
en-gum-conversation	GUM_conversation_retirement-22	and i knew this	and i knew this
en-gum-conversation	GUM_conversation_retirement-23	so when he opened up on that and she followed through and told about her husband you know	so when he opened up on that and she followed through and told about her husband you know
en-gum-conversation	GUM_conversation_retirement-24	not necessarily that she would approve of it but at least she wasn't disapproving	not necessarily that she would approve of it but at least she wasn't disapproving
en-gum-conversation	GUM_conversation_retirement-25	yeah	yeah
en-gum-conversation	GUM_conversation_retirement-26	of it	of it
en-gum-conversation	GUM_conversation_retirement-27	yeah	yeah
en-gum-conversation	GUM_conversation_retirement-28	and uh course duvall might	and uh course duvall might
en-gum-conversation	GUM_conversation_retirement-29	and i i cannot get over this	and i i cannot get over this
en-gum-conversation	GUM_conversation_retirement-30	that man	that man
en-gum-conversation	GUM_conversation_retirement-31	i really cannot	i really cannot
en-gum-conversation	GUM_conversation_retirement-32	and you know he must have been thinking when he said he wasn't a political appointee he must have been associating his relationship with steitler	and you know he must have been thinking when he said he wasn't a political appointee he must have been associating his relationship with steitler
en-gum-conversation	GUM_conversation_retirement-33	oh	oh
en-gum-conversation	GUM_conversation_retirement-34	i really do believe that	i really do believe that
en-gum-conversation	GUM_conversation_retirement-35	mhm	mhm
en-gum-conversation	GUM_conversation_retirement-36	in his thinking	in his thinking
en-gum-conversation	GUM_conversation_retirement-37	i don't know how else he could have done it	i don't know how else he could have done it
en-gum-conversation	GUM_conversation_retirement-38	that topples over	that topples over
en-gum-conversation	GUM_conversation_retirement-39	um but he didn't say that	um but he didn't say that
en-gum-conversation	GUM_conversation_retirement-40	oh	oh
en-gum-conversation	GUM_conversation_retirement-41	he said i loved your hum humor uh and i love you but i am not a political appointee	he said i loved your hum humor uh and i love you but i am not a political appointee
en-gum-conversation	GUM_conversation_retirement-42	and his eyes were just snapping	and his eyes were just snapping
en-gum-conversation	GUM_conversation_retirement-43	and i said oh how did you get on the board	and i said oh how did you get on the board
en-gum-conversation	GUM_conversation_retirement-44	well he said i got a letter from the governor asking	well he said i got a letter from the governor asking
en-gum-conversation	GUM_conversation_retirement-45	everybody on there is an app political appointee that wasn't the point	everybody on there is an app political appointee that wasn't the point
en-gum-conversation	GUM_conversation_retirement-46	the point was i could have mentioned what was in the paper about him that he was related and you know had business with steitler and i just said and there's doctor duvall you know	the point was i could have mentioned what was in the paper about him that he was related and you know had business with steitler and i just said and there's doctor duvall you know
en-gum-conversation	GUM_conversation_retirement-47	and then i went to rotus who's a seasoned politician if there ever was one	and then i went to rotus who's a seasoned politician if there ever was one
en-gum-conversation	GUM_conversation_retirement-48	yeah	yeah
en-gum-conversation	GUM_conversation_retirement-49	he just would flare	he just would flare
en-gum-conversation	GUM_conversation_retirement-50	and i said well i alright	and i said well i alright
en-gum-conversation	GUM_conversation_retirement-51	i said i'll apologize next time and i'm gonna make hay out of it don't you worry	i said i'll apologize next time and i'm gonna make hay out of it don't you worry
en-gum-conversation	GUM_conversation_retirement-52	i wanna know how you birds got on that board if you're not political appointees	i wanna know how you birds got on that board if you're not political appointees
en-gum-conversation	GUM_conversation_retirement-53	mm	mm
en-gum-conversation	GUM_conversation_retirement-54	oh my	oh my
en-gum-conversation	GUM_conversation_retirement-55	can i grow some basil	can i grow some basil
en-gum-conversation	GUM_conversation_retirement-56	from seed	from seed
en-gum-conversation	GUM_conversation_retirement-57	yes that's how i've	yes that's how i've
en-gum-conversation	GUM_conversation_retirement-58	i don't have any this year but i've grown it other years	i don't have any this year but i've grown it other years
en-gum-conversation	GUM_conversation_retirement-59	well	well
en-gum-conversation	GUM_conversation_retirement-60	there's no proble	there's no proble
en-gum-conversation	GUM_conversation_retirement-61	it will not take any frost	it will not take any frost
en-gum-conversation	GUM_conversation_retirement-62	soon as the b	soon as the b
en-gum-conversation	GUM_conversation_retirement-63	yeah i	yeah i
en-gum-conversation	GUM_conversation_retirement-64	a little bit of frost it's gone	a little bit of frost it's gone
en-gum-conversation	GUM_conversation_retirement-65	i l i learned that one time the	i l i learned that one time the
en-gum-conversation	GUM_conversation_retirement-66	i learned it just went down	i learned it just went down
en-gum-conversation	GUM_conversation_retirement-67	the hard way	the hard way
en-gum-conversation	GUM_conversation_retirement-68	hm	hm
en-gum-conversation	GUM_conversation_retirement-69	uh huh	uh huh
en-gum-conversation	GUM_conversation_retirement-70	yes	yes
en-gum-conversation	GUM_conversation_retirement-71	well i think it was barbara that has some seeds	well i think it was barbara that has some seeds
en-gum-conversation	GUM_conversation_retirement-72	just	just
en-gum-conversation	GUM_conversation_retirement-73	no problem	no problem
en-gum-conversation	GUM_conversation_retirement-74	it comes right up	it comes right up
en-gum-conversation	GUM_conversation_retirement-75	yeah	yeah
en-gum-conversation	GUM_conversation_retirement-76	yeah	yeah
en-gum-conversation	GUM_conversation_retirement-77	i	i
en-gum-conversation	GUM_conversation_retirement-78	isn't that what you gave the neighbor one time	isn't that what you gave the neighbor one time
en-gum-conversation	GUM_conversation_retirement-79	you gave him some kind of herb	you gave him some kind of herb
en-gum-conversation	GUM_conversation_retirement-80	did i give him some	did i give him some
en-gum-conversation	GUM_conversation_retirement-81	i gave him a red pepper	i gave him a red pepper
en-gum-conversation	GUM_conversation_retirement-82	i think you i think you gave him some herb of some kind	i think you i think you gave him some herb of some kind
en-gum-conversation	GUM_conversation_retirement-83	i may have given given him some basil yes	i may have given given him some basil yes
en-gum-conversation	GUM_conversation_retirement-84	yeah	yeah
en-gum-conversation	GUM_conversation_retirement-85	i don't have any this year i forgot to plant it	i don't have any this year i forgot to plant it
en-gum-conversation	GUM_conversation_retirement-86	i have oregano	i have oregano
en-gum-conversation	GUM_conversation_retirement-87	yeah	yeah
en-gum-conversation	GUM_conversation_retirement-88	a good stand of it if you want any	a good stand of it if you want any
en-gum-conversation	GUM_conversation_retirement-89	yeah	yeah
en-gum-conversation	GUM_conversation_retirement-90	i have a lot of dried or oregano	i have a lot of dried or oregano
en-gum-conversation	GUM_conversation_retirement-91	mm	mm
en-gum-conversation	GUM_conversation_retirement-92	is your cigarette out everybody's	is your cigarette out everybody's
en-gum-conversation	GUM_conversation_retirement-93	yeah it's out	yeah it's out
en-gum-conversation	GUM_conversation_retirement-94	you smoked it down into the cork didn't you	you smoked it down into the cork didn't you
en-gum-conversation	GUM_conversation_retirement-95	pardon	pardon
en-gum-conversation	GUM_conversation_retirement-96	you smoked it down into the cork	you smoked it down into the cork
en-gum-conversation	GUM_conversation_retirement-97	well yeah you don't like that do you but	well yeah you don't like that do you but
en-gum-conversation	GUM_conversation_retirement-98	no it chokes me to death	no it chokes me to death
en-gum-conversation	GUM_conversation_retirement-99	it's it's there might as well smoke it	it's it's there might as well smoke it
en-gum-conversation	GUM_conversation_retirement-100	oh	oh
en-gum-conversation	GUM_conversation_retirement-101	no good	no good
en-gum-conversation	GUM_conversation_retirement-102	no good	no good
en-gum-essay	GUM_essay_fear-1	the politics of fear how it manipulates us to tribalism javanbakht	the politics of fear how it manipulates us to tribalism javanbakht
en-gum-essay	GUM_essay_fear-2	by arash javanbakht	by arash javanbakht
en-gum-essay	GUM_essay_fear-3	president barack obama walks away from the lectern with vice president joe biden after making a statement about the mass shooting in orlando fla june	president barack obama walks away from the lectern with vice president joe biden after making a statement about the mass shooting in orlando fla june
en-gum-essay	GUM_essay_fear-4	official white house photo by pete souza public domain	official white house photo by pete souza public domain
en-gum-essay	GUM_essay_fear-5	the cruel murder of people in new zealand was another tragic reminder of how humans are capable of heartlessly killing their own kind just based on what they believe how they worship and what race or nationality they belong to	the cruel murder of people in new zealand was another tragic reminder of how humans are capable of heartlessly killing their own kind just based on what they believe how they worship and what race or nationality they belong to
en-gum-essay	GUM_essay_fear-6	there is a longstanding history of the fear of the others turning humans into illogical ruthless weapons in service to an ideology	there is a longstanding history of the fear of the others turning humans into illogical ruthless weapons in service to an ideology
en-gum-essay	GUM_essay_fear-7	fear is arguably as old as life	fear is arguably as old as life
en-gum-essay	GUM_essay_fear-8	it is deeply ingrained in the living organisms that have survived extinction through billions of years of evolution	it is deeply ingrained in the living organisms that have survived extinction through billions of years of evolution
en-gum-essay	GUM_essay_fear-9	its roots are deep in our core psychological and biological being and it is one of our most intimate feelings	its roots are deep in our core psychological and biological being and it is one of our most intimate feelings
en-gum-essay	GUM_essay_fear-10	danger and war are as old as human history and so are politics and religion	danger and war are as old as human history and so are politics and religion
en-gum-essay	GUM_essay_fear-11	demagogues have always used fear for intimidation of the subordinates or enemies and shepherding the tribe by the leaders	demagogues have always used fear for intimidation of the subordinates or enemies and shepherding the tribe by the leaders
en-gum-essay	GUM_essay_fear-12	fear is a very strong tool that can blur humans logic and change their behavior	fear is a very strong tool that can blur humans logic and change their behavior
en-gum-essay	GUM_essay_fear-13	i am a psychiatrist and neuroscientist specializing in fear and trauma and i have some evidence based thoughts on how fear is abused in politics	i am a psychiatrist and neuroscientist specializing in fear and trauma and i have some evidence based thoughts on how fear is abused in politics
en-gum-essay	GUM_essay_fear-14	we learn fear from tribe mates	we learn fear from tribe mates
en-gum-essay	GUM_essay_fear-15	like other animals we humans can learn fear from experience such as being attacked by a predator	like other animals we humans can learn fear from experience such as being attacked by a predator
en-gum-essay	GUM_essay_fear-16	we also learn from observation such as witnessing a predator attacking another human	we also learn from observation such as witnessing a predator attacking another human
en-gum-essay	GUM_essay_fear-17	and we learn by instructions such as being told there is a predator nearby	and we learn by instructions such as being told there is a predator nearby
en-gum-essay	GUM_essay_fear-18	learning from our conspecifics members of the same species is an evolutionary advantage that has prevented us from repeating dangerous experiences of other humans	learning from our conspecifics members of the same species is an evolutionary advantage that has prevented us from repeating dangerous experiences of other humans
en-gum-essay	GUM_essay_fear-19	we have a tendency to trust our tribe mates and authorities especially when it comes to danger	we have a tendency to trust our tribe mates and authorities especially when it comes to danger
en-gum-essay	GUM_essay_fear-20	it is adaptive parents and wise old men told us not to eat a special plant or not to go to an area in the woods or we would be hurt	it is adaptive parents and wise old men told us not to eat a special plant or not to go to an area in the woods or we would be hurt
en-gum-essay	GUM_essay_fear-21	by trusting them we would not die like a great grandfather who died eating that plant	by trusting them we would not die like a great grandfather who died eating that plant
en-gum-essay	GUM_essay_fear-22	this way we accumulated knowledge	this way we accumulated knowledge
en-gum-essay	GUM_essay_fear-23	tribalism has been an inherent part of the human history	tribalism has been an inherent part of the human history
en-gum-essay	GUM_essay_fear-24	there has always been competition between groups of humans in different ways and with different faces from brutal wartime nationalism to a strong loyalty to a football team	there has always been competition between groups of humans in different ways and with different faces from brutal wartime nationalism to a strong loyalty to a football team
en-gum-essay	GUM_essay_fear-25	evidence from cultural neuroscience shows that our brains even respond differently at an unconscious level simply to the view of faces from other races or cultures	evidence from cultural neuroscience shows that our brains even respond differently at an unconscious level simply to the view of faces from other races or cultures
en-gum-essay	GUM_essay_fear-26	at a tribal level people are more emotional and consequently less logical fans of both teams pray for their team to win hoping god will take sides in a game	at a tribal level people are more emotional and consequently less logical fans of both teams pray for their team to win hoping god will take sides in a game
en-gum-essay	GUM_essay_fear-27	on the other hand we regress to tribalism when afraid	on the other hand we regress to tribalism when afraid
en-gum-essay	GUM_essay_fear-28	this is an evolutionary advantage that would lead to the group cohesion and help us fight the other tribes to survive	this is an evolutionary advantage that would lead to the group cohesion and help us fight the other tribes to survive
en-gum-essay	GUM_essay_fear-29	tribalism is the biological loophole that many politicians have banked on for a long time tapping into our fears and tribal instincts	tribalism is the biological loophole that many politicians have banked on for a long time tapping into our fears and tribal instincts
en-gum-essay	GUM_essay_fear-30	some examples are nazism the ku klux klan religious wars and the dark ages	some examples are nazism the ku klux klan religious wars and the dark ages
en-gum-essay	GUM_essay_fear-31	the typical pattern is to give the other humans a different label than us and say they are going to harm us or our resources and to turn the other group into a concept	the typical pattern is to give the other humans a different label than us and say they are going to harm us or our resources and to turn the other group into a concept
en-gum-essay	GUM_essay_fear-32	it does not have to necessarily be race or nationality which are used very often	it does not have to necessarily be race or nationality which are used very often
en-gum-essay	GUM_essay_fear-33	it can be any real or imaginary difference liberals conservatives middle easterners white men the right the left muslims jews christians sikhs	it can be any real or imaginary difference liberals conservatives middle easterners white men the right the left muslims jews christians sikhs
en-gum-essay	GUM_essay_fear-34	the list goes on and on	the list goes on and on
en-gum-essay	GUM_essay_fear-35	when building tribal boundaries between us and them some politicians have managed very well to create virtual groups of people that do not communicate and hate without even knowing each other this is the human animal in action	when building tribal boundaries between us and them some politicians have managed very well to create virtual groups of people that do not communicate and hate without even knowing each other this is the human animal in action
en-gum-essay	GUM_essay_fear-36	fear is illogical and often dumb	fear is illogical and often dumb
en-gum-essay	GUM_essay_fear-37	very often my patients with phobias start with i know it is stupid but i am afraid of spiders	very often my patients with phobias start with i know it is stupid but i am afraid of spiders
en-gum-essay	GUM_essay_fear-38	or it may be dogs or cats or something else	or it may be dogs or cats or something else
en-gum-essay	GUM_essay_fear-39	and i always reply it is not stupid it is illogical	and i always reply it is not stupid it is illogical
en-gum-essay	GUM_essay_fear-40	we humans have different functions in the brain and fear oftentimes bypasses logic	we humans have different functions in the brain and fear oftentimes bypasses logic
en-gum-essay	GUM_essay_fear-41	there are several reasons	there are several reasons
en-gum-essay	GUM_essay_fear-42	one is that logic is slow fear is fast	one is that logic is slow fear is fast
en-gum-essay	GUM_essay_fear-43	in situations of danger we ought to be fast first run or kill then think	in situations of danger we ought to be fast first run or kill then think
en-gum-essay	GUM_essay_fear-44	some people are afraid of spiders others of snakes or even cats and dogs	some people are afraid of spiders others of snakes or even cats and dogs
en-gum-essay	GUM_essay_fear-45	politicians and the media very often use fear to circumvent our logic	politicians and the media very often use fear to circumvent our logic
en-gum-essay	GUM_essay_fear-46	i always say the u s media are disaster pornographers they work too much on triggering their audiences emotions	i always say the u s media are disaster pornographers they work too much on triggering their audiences emotions
en-gum-essay	GUM_essay_fear-47	they are kind of political reality shows surprising to many from outside the u s	they are kind of political reality shows surprising to many from outside the u s
en-gum-essay	GUM_essay_fear-48	when one person kills a few others in a city of millions which is of course a tragedy major networks coverage could lead one to perceive the whole city is under siege and unsafe	when one person kills a few others in a city of millions which is of course a tragedy major networks coverage could lead one to perceive the whole city is under siege and unsafe
en-gum-essay	GUM_essay_fear-49	if one undocumented illegal immigrant murders a u s citizen some politicians use fear with the hope that few will ask this is terrible but how many people were murdered in this country by u s citizens just today	if one undocumented illegal immigrant murders a u s citizen some politicians use fear with the hope that few will ask this is terrible but how many people were murdered in this country by u s citizens just today
en-gum-essay	GUM_essay_fear-50	or i know several murders happen every week in this town but why am i so scared now that this one is being showcased by the media	or i know several murders happen every week in this town but why am i so scared now that this one is being showcased by the media
en-gum-essay	GUM_essay_fear-51	we do not ask these questions because fear bypasses logic	we do not ask these questions because fear bypasses logic
en-gum-essay	GUM_essay_fear-52	fear can turn violent	fear can turn violent
en-gum-essay	GUM_essay_fear-53	there is a reason that the response to fear is called the fight or flight response	there is a reason that the response to fear is called the fight or flight response
en-gum-essay	GUM_essay_fear-54	that response has helped us survive the predators and other tribes that have wanted to kill us	that response has helped us survive the predators and other tribes that have wanted to kill us
en-gum-essay	GUM_essay_fear-55	but again it is another loophole in our biology to be abused to turn on our aggression toward the others whether in the form of vandalizing their temples or harassing them on the social media	but again it is another loophole in our biology to be abused to turn on our aggression toward the others whether in the form of vandalizing their temples or harassing them on the social media
en-gum-essay	GUM_essay_fear-56	desecrated graves in the old jewish section of the cemetery vienna by scott rettberg is licensed under cc by	desecrated graves in the old jewish section of the cemetery vienna by scott rettberg is licensed under cc by
en-gum-essay	GUM_essay_fear-57	when ideologies manage to get hold of our fear circuitry we often regress to illogical tribal and aggressive human animals becoming weapons ourselves weapons that politicians use for their own agenda	when ideologies manage to get hold of our fear circuitry we often regress to illogical tribal and aggressive human animals becoming weapons ourselves weapons that politicians use for their own agenda
en-gum-essay	GUM_essay_fear-58	arash javanbakht is assistant professor of psychiatry wayne state university	arash javanbakht is assistant professor of psychiatry wayne state university
en-gum-essay	GUM_essay_fear-59	this essay originally appeared in the conversation	this essay originally appeared in the conversation
en-gum-essay	GUM_essay_fear-60	the politics of fear how it manipulates us to tribalism by arash javanbakht is licensed under a creative commons attribution noncommercial international license	the politics of fear how it manipulates us to tribalism by arash javanbakht is licensed under a creative commons attribution noncommercial international license
